9.999999999999999167e-02 5.000000000000000000e+01 5.000000000000000000e+01 5.000000000000000000e+01
1.099999999999999867e-01 5.000000000000000000e+01 5.000000000000000000e+01 5.000000000000000000e+01
1.199999999999999817e-01 5.000000000000000000e+01 5.000000000000000000e+01 5.000000000000000000e+01
1.299999999999999767e-01 5.000000000000000000e+01 5.000000000000000000e+01 5.000000000000000000e+01
1.399999999999999856e-01 5.000000000000000000e+01 5.000000000000000000e+01 5.000000000000000000e+01
1.499999999999999944e-01 5.000000000000000000e+01 5.000000000000000000e+01 5.000000000000000000e+01
1.599999999999999478e-01 5.000000000000000000e+01 5.000000000000000000e+01 5.000000000000000000e+01
1.699999999999999845e-01 5.000000000000000000e+01 5.000000000000000000e+01 5.000000000000000000e+01
1.799999999999999656e-01 5.000000000000000000e+01 5.000000000000000000e+01 5.000000000000000000e+01
1.899999999999999745e-01 5.000000000000000000e+01 5.000000000000000000e+01 5.000000000000000000e+01
1.999999999999999556e-01 5.000000000000000000e+01 5.000000000000000000e+01 5.000000000000000000e+01
2.099999999999999645e-01 5.000000000000000000e+01 5.000000000000000000e+01 5.000000000000000000e+01
2.199999999999999456e-01 5.000000000000000000e+01 5.000000000000000000e+01 5.000000000000000000e+01
2.299999999999999822e-01 5.000000000000000000e+01 5.000000000000000000e+01 5.000000000000000000e+01
2.399999999999999356e-01 5.000000000000000000e+01 5.000000000000000000e+01 5.000000000000000000e+01
2.499999999999999722e-01 5.000000000000000000e+01 5.000000000000000000e+01 5.000000000000000000e+01
2.599999999999999534e-01 5.000000000000000000e+01 5.000000000000000000e+01 5.000000000000000000e+01
2.699999999999999623e-01 5.000000000000000000e+01 5.000000000000000000e+01 5.000000000000000000e+01
2.799999999999999156e-01 5.000000000000000000e+01 5.000000000000000000e+01 5.000000000000000000e+01
2.899999999999999800e-01 5.000000000000000000e+01 5.000000000000000000e+01 5.000000000000000000e+01
2.999999999999999334e-01 5.000000000000000000e+01 5.000000000000000000e+01 5.000000000000000000e+01
3.099999999999999423e-01 5.000000000000000000e+01 5.000000000000000000e+01 5.000000000000000000e+01
3.199999999999998956e-01 5.000000000000000000e+01 5.000000000000000000e+01 5.000000000000000000e+01
3.299999999999999600e-01 5.000000000000000000e+01 5.000000000000000000e+01 5.000000000000000000e+01
3.399999999999999134e-01 5.000000000000000000e+01 5.000000000000000000e+01 5.000000000000000000e+01
3.499999999999999223e-01 5.000000000000000000e+01 5.000000000000000000e+01 5.000000000000000000e+01
3.599999999999999312e-01 5.000000000000000000e+01 5.000000000000000000e+01 5.000000000000000000e+01
3.699999999999999400e-01 5.000000000000000000e+01 5.000000000000000000e+01 5.000000000000000000e+01
3.799999999999998934e-01 5.000000000000000000e+01 5.000000000000000000e+01 5.000000000000000000e+01
3.899999999999999578e-01 5.000000000000000000e+01 5.000000000000000000e+01 5.000000000000000000e+01
3.999999999999999112e-01 5.000000000000000000e+01 5.000000000000000000e+01 5.000000000000000000e+01
4.099999999999999201e-01 5.000000000000000000e+01 5.000000000000000000e+01 5.000000000000000000e+01
4.199999999999998734e-01 5.000000000000000000e+01 5.000000000000000000e+01 5.000000000000000000e+01
4.299999999999999378e-01 5.000000000000000000e+01 5.000000000000000000e+01 5.000000000000000000e+01
4.399999999999998912e-01 5.000000000000000000e+01 5.000000000000000000e+01 5.000000000000000000e+01
4.499999999999999001e-01 5.000000000000000000e+01 5.000000000000000000e+01 5.000000000000000000e+01
4.599999999999998535e-01 5.000000000000000000e+01 5.000000000000000000e+01 5.000000000000000000e+01
4.699999999999999178e-01 5.000000000000000000e+01 5.000000000000000000e+01 5.000000000000000000e+01
4.799999999999998712e-01 5.000000000000000000e+01 5.000000000000000000e+01 5.000000000000000000e+01
4.899999999999998801e-01 5.000000000000000000e+01 5.000000000000000000e+01 5.000000000000000000e+01
4.999999999999998890e-01 5.000000000000000000e+01 5.000000000000000000e+01 5.000000000000000000e+01
5.099999999999998979e-01 5.000000000000000000e+01 5.000000000000000000e+01 5.000000000000000000e+01
5.199999999999999067e-01 5.000000000000000000e+01 5.000000000000000000e+01 5.000000000000000000e+01
5.299999999999999156e-01 5.000000000000000000e+01 5.000000000000000000e+01 5.000000000000000000e+01
5.399999999999998135e-01 5.000000000000000000e+01 5.000000000000000000e+01 5.000000000000000000e+01
5.499999999999999334e-01 5.000000000000000000e+01 5.000000000000000000e+01 5.000000000000000000e+01
5.599999999999998312e-01 5.000000000000000000e+01 5.000000000000000000e+01 5.000000000000000000e+01
5.699999999999998401e-01 5.000000000000000000e+01 5.000000000000000000e+01 5.000000000000000000e+01
5.799999999999998490e-01 5.000000000000000000e+01 5.000000000000000000e+01 5.000000000000000000e+01
5.899999999999998579e-01 5.000000000000000000e+01 5.000000000000000000e+01 5.000000000000000000e+01
5.999999999999998668e-01 5.000000000000000000e+01 5.000000000000000000e+01 5.000000000000000000e+01
6.099999999999997646e-01 5.000000000000000000e+01 5.000000000000000000e+01 5.000000000000000000e+01
6.199999999999998845e-01 5.000000000000000000e+01 5.000000000000000000e+01 5.000000000000000000e+01
6.299999999999998934e-01 5.000000000000000000e+01 5.000000000000000000e+01 5.000000000000000000e+01
6.399999999999997913e-01 5.000000000000000000e+01 5.000000000000000000e+01 5.000000000000000000e+01
6.499999999999998002e-01 5.000000000000000000e+01 5.000000000000000000e+01 5.000000000000000000e+01
6.599999999999999201e-01 5.000000000000000000e+01 5.000000000000000000e+01 5.000000000000000000e+01
6.699999999999998179e-01 5.000000000000000000e+01 5.000000000000000000e+01 5.000000000000000000e+01
6.799999999999998268e-01 5.000000000000000000e+01 5.000000000000000000e+01 5.000000000000000000e+01
6.899999999999998357e-01 5.000000000000000000e+01 5.000000000000000000e+01 5.000000000000000000e+01
6.999999999999998446e-01 5.000000000000000000e+01 5.000000000000000000e+01 5.000000000000000000e+01
7.099999999999998535e-01 5.000000000000000000e+01 5.000000000000000000e+01 5.000000000000000000e+01
7.199999999999998623e-01 5.000000000000000000e+01 5.000000000000000000e+01 5.000000000000000000e+01
7.299999999999997602e-01 5.000000000000000000e+01 5.000000000000000000e+01 5.000000000000000000e+01
7.399999999999998801e-01 5.000000000000000000e+01 5.000000000000000000e+01 5.000000000000000000e+01
7.499999999999998890e-01 5.000000000000000000e+01 5.000000000000000000e+01 5.000000000000000000e+01
7.599999999999997868e-01 5.000000000000000000e+01 5.000000000000000000e+01 5.000000000000000000e+01
7.699999999999997957e-01 5.000000000000000000e+01 5.000000000000000000e+01 5.000000000000000000e+01
7.799999999999999156e-01 5.000000000000000000e+01 5.000000000000000000e+01 5.000000000000000000e+01
7.899999999999998135e-01 5.000000000000000000e+01 5.000000000000000000e+01 5.000000000000000000e+01
7.999999999999998224e-01 5.000000000000000000e+01 5.000000000000000000e+01 5.000000000000000000e+01
8.099999999999997202e-01 5.000000000000000000e+01 5.000000000000000000e+01 5.000000000000000000e+01
8.199999999999998401e-01 5.000000000000000000e+01 5.000000000000000000e+01 5.000000000000000000e+01
8.299999999999998490e-01 5.000000000000000000e+01 5.000000000000000000e+01 5.000000000000000000e+01
8.399999999999997469e-01 5.000000000000000000e+01 5.000000000000000000e+01 5.000000000000000000e+01
8.499999999999997558e-01 5.000000000000000000e+01 5.000000000000000000e+01 5.000000000000000000e+01
8.599999999999998757e-01 5.000000000000000000e+01 5.000000000000000000e+01 5.000000000000000000e+01
8.699999999999997735e-01 5.000000000000000000e+01 5.000000000000000000e+01 5.000000000000000000e+01
8.799999999999997824e-01 5.000000000000000000e+01 5.000000000000000000e+01 5.000000000000000000e+01
8.899999999999997913e-01 5.000000000000000000e+01 5.000000000000000000e+01 5.000000000000000000e+01
8.999999999999998002e-01 5.000000000000000000e+01 5.000000000000000000e+01 5.000000000000000000e+01
9.099999999999998090e-01 5.000000000000000000e+01 5.000000000000000000e+01 5.000000000000000000e+01
9.199999999999997069e-01 5.000000000000000000e+01 5.000000000000000000e+01 5.000000000000000000e+01
9.299999999999997158e-01 5.000000000000000000e+01 5.000000000000000000e+01 5.000000000000000000e+01
9.399999999999998357e-01 5.000000000000000000e+01 5.000000000000000000e+01 5.000000000000000000e+01
9.499999999999997335e-01 5.000000000000000000e+01 5.000000000000000000e+01 5.000000000000000000e+01
9.599999999999997424e-01 5.000000000000000000e+01 5.000000000000000000e+01 5.000000000000000000e+01
9.699999999999997513e-01 5.000000000000000000e+01 5.000000000000000000e+01 5.000000000000000000e+01
9.799999999999997602e-01 5.000000000000000000e+01 5.000000000000000000e+01 5.000000000000000000e+01
9.899999999999997691e-01 5.000000000000000000e+01 5.000000000000000000e+01 5.000000000000000000e+01
9.999999999999997780e-01 5.000000000000000000e+01 5.000000000000000000e+01 5.000000000000000000e+01
1.009999999999999787e+00 5.000000000000000000e+01 5.000000000000000000e+01 5.000000000000000000e+01
1.019999999999999796e+00 5.000000000000000000e+01 5.000000000000000000e+01 5.000000000000000000e+01
1.029999999999999805e+00 5.000000000000000000e+01 5.000000000000000000e+01 5.000000000000000000e+01
1.039999999999999813e+00 5.000000000000000000e+01 5.000000000000000000e+01 5.000000000000000000e+01
1.049999999999999600e+00 5.000000000000000000e+01 5.000000000000000000e+01 5.000000000000000000e+01
1.059999999999999831e+00 5.000000000000000000e+01 5.000000000000000000e+01 5.000000000000000000e+01
1.069999999999999840e+00 5.000000000000000000e+01 5.000000000000000000e+01 5.000000000000000000e+01
1.079999999999999627e+00 5.000000000000000000e+01 5.000000000000000000e+01 5.000000000000000000e+01
1.089999999999999636e+00 5.000000000000000000e+01 5.000000000000000000e+01 5.000000000000000000e+01
1.099999999999999867e+00 5.000000000000000000e+01 5.000000000000000000e+01 5.000000000000000000e+01
1.109999999999999654e+00 5.000000000000000000e+01 5.000000000000000000e+01 5.000000000000000000e+01
1.119999999999999662e+00 5.000000000000000000e+01 5.000000000000000000e+01 5.000000000000000000e+01
1.129999999999999671e+00 5.000000000000000000e+01 5.000000000000000000e+01 5.000000000000000000e+01
1.139999999999999680e+00 5.000000000000000000e+01 5.000000000000000000e+01 5.000000000000000000e+01
1.149999999999999689e+00 5.000000000000000000e+01 5.000000000000000000e+01 5.000000000000000000e+01
1.159999999999999698e+00 5.000000000000000000e+01 5.000000000000000000e+01 5.000000000000000000e+01
1.169999999999999707e+00 5.000000000000000000e+01 5.000000000000000000e+01 5.000000000000000000e+01
1.179999999999999716e+00 5.000000000000000000e+01 5.000000000000000000e+01 5.000000000000000000e+01
1.189999999999999725e+00 5.000000000000000000e+01 5.000000000000000000e+01 5.000000000000000000e+01
1.199999999999999734e+00 5.000000000000000000e+01 5.000000000000000000e+01 5.000000000000000000e+01
1.209999999999999742e+00 5.000000000000000000e+01 5.000000000000000000e+01 5.000000000000000000e+01
1.219999999999999529e+00 5.000000000000000000e+01 5.000000000000000000e+01 5.000000000000000000e+01
1.229999999999999538e+00 5.000000000000000000e+01 5.000000000000000000e+01 5.000000000000000000e+01
1.239999999999999769e+00 5.000000000000000000e+01 5.000000000000000000e+01 5.000000000000000000e+01
1.249999999999999778e+00 5.000000000000000000e+01 5.000000000000000000e+01 5.000000000000000000e+01
1.259999999999999787e+00 5.000000000000000000e+01 5.000000000000000000e+01 5.000000000000000000e+01
1.269999999999999796e+00 5.000000000000000000e+01 5.000000000000000000e+01 5.000000000000000000e+01
1.279999999999999583e+00 5.000000000000000000e+01 5.000000000000000000e+01 5.000000000000000000e+01
1.289999999999999591e+00 5.000000000000000000e+01 5.000000000000000000e+01 5.000000000000000000e+01
1.299999999999999600e+00 5.000000000000000000e+01 5.000000000000000000e+01 5.000000000000000000e+01
1.309999999999999609e+00 5.000000000000000000e+01 5.000000000000000000e+01 5.000000000000000000e+01
1.319999999999999840e+00 5.000000000000000000e+01 5.000000000000000000e+01 5.000000000000000000e+01
1.329999999999999849e+00 5.000000000000000000e+01 5.000000000000000000e+01 5.000000000000000000e+01
1.339999999999999636e+00 5.000000000000000000e+01 5.000000000000000000e+01 5.000000000000000000e+01
1.349999999999999645e+00 5.000000000000000000e+01 5.000000000000000000e+01 5.000000000000000000e+01
1.359999999999999654e+00 5.000000000000000000e+01 5.000000000000000000e+01 5.000000000000000000e+01
1.369999999999999662e+00 5.000000000000000000e+01 5.000000000000000000e+01 5.000000000000000000e+01
1.379999999999999671e+00 5.000000000000000000e+01 5.000000000000000000e+01 5.000000000000000000e+01
1.389999999999999458e+00 5.000000000000000000e+01 5.000000000000000000e+01 5.000000000000000000e+01
1.399999999999999689e+00 5.000000000000000000e+01 5.000000000000000000e+01 5.000000000000000000e+01
1.409999999999999698e+00 5.000000000000000000e+01 5.000000000000000000e+01 5.000000000000000000e+01
1.419999999999999707e+00 5.000000000000000000e+01 5.000000000000000000e+01 5.000000000000000000e+01
1.429999999999999716e+00 5.000000000000000000e+01 5.000000000000000000e+01 5.000000000000000000e+01
1.439999999999999725e+00 5.000000000000000000e+01 5.000000000000000000e+01 5.000000000000000000e+01
1.449999999999999512e+00 5.000000000000000000e+01 5.000000000000000000e+01 5.000000000000000000e+01
1.459999999999999520e+00 5.000000000000000000e+01 5.000000000000000000e+01 5.000000000000000000e+01
1.469999999999999529e+00 5.000000000000000000e+01 5.000000000000000000e+01 5.000000000000000000e+01
1.479999999999999760e+00 5.000000000000000000e+01 5.000000000000000000e+01 5.000000000000000000e+01
1.489999999999999769e+00 5.000000000000000000e+01 5.000000000000000000e+01 5.000000000000000000e+01
1.499999999999999778e+00 5.000000000000000000e+01 5.000000000000000000e+01 5.000000000000000000e+01
1.509999999999999565e+00 5.000000000000000000e+01 5.000000000000000000e+01 5.000000000000000000e+01
1.519999999999999574e+00 5.000000000000000000e+01 5.000000000000000000e+01 5.000000000000000000e+01
1.529999999999999583e+00 5.000000000000000000e+01 5.000000000000000000e+01 5.000000000000000000e+01
1.539999999999999591e+00 5.000000000000000000e+01 5.000000000000000000e+01 5.000000000000000000e+01
1.549999999999999600e+00 5.000000000000000000e+01 5.000000000000000000e+01 5.000000000000000000e+01
1.559999999999999831e+00 5.000000000000000000e+01 5.000000000000000000e+01 5.000000000000000000e+01
1.569999999999999618e+00 5.000000000000000000e+01 5.000000000000000000e+01 5.000000000000000000e+01
1.579999999999999627e+00 5.000000000000000000e+01 5.000000000000000000e+01 5.000000000000000000e+01
1.589999999999999636e+00 5.000000000000000000e+01 5.000000000000000000e+01 5.000000000000000000e+01
1.599999999999999645e+00 5.000000000000000000e+01 5.000000000000000000e+01 5.000000000000000000e+01
1.609999999999999654e+00 5.000000000000000000e+01 5.000000000000000000e+01 5.000000000000000000e+01
1.619999999999999440e+00 5.000000000000000000e+01 5.000000000000000000e+01 5.000000000000000000e+01
1.629999999999999449e+00 5.000000000000000000e+01 5.000000000000000000e+01 5.000000000000000000e+01
1.639999999999999680e+00 5.000000000000000000e+01 5.000000000000000000e+01 5.000000000000000000e+01
1.649999999999999689e+00 5.000000000000000000e+01 5.000000000000000000e+01 5.000000000000000000e+01
1.659999999999999698e+00 5.000000000000000000e+01 5.000000000000000000e+01 5.000000000000000000e+01
1.669999999999999707e+00 5.000000000000000000e+01 5.000000000000000000e+01 5.000000000000000000e+01
1.679999999999999494e+00 5.000000000000000000e+01 5.000000000000000000e+01 5.000000000000000000e+01
1.689999999999999503e+00 5.000000000000000000e+01 5.000000000000000000e+01 5.000000000000000000e+01
1.699999999999999512e+00 5.000000000000000000e+01 5.000000000000000000e+01 5.000000000000000000e+01
1.709999999999999520e+00 5.000000000000000000e+01 5.000000000000000000e+01 5.000000000000000000e+01
1.719999999999999751e+00 5.000000000000000000e+01 5.000000000000000000e+01 5.000000000000000000e+01
1.729999999999999760e+00 5.000000000000000000e+01 5.000000000000000000e+01 5.000000000000000000e+01
1.739999999999999547e+00 5.000000000000000000e+01 5.000000000000000000e+01 5.000000000000000000e+01
1.749999999999999556e+00 5.000000000000000000e+01 5.000000000000000000e+01 5.000000000000000000e+01
1.759999999999999565e+00 5.000000000000000000e+01 5.000000000000000000e+01 5.000000000000000000e+01
1.769999999999999574e+00 5.000000000000000000e+01 5.000000000000000000e+01 5.000000000000000000e+01
1.779999999999999583e+00 5.000000000000000000e+01 5.000000000000000000e+01 5.000000000000000000e+01
1.789999999999999369e+00 5.000000000000000000e+01 5.000000000000000000e+01 5.000000000000000000e+01
1.799999999999999600e+00 5.000000000000000000e+01 5.000000000000000000e+01 5.000000000000000000e+01
1.809999999999999609e+00 5.000000000000000000e+01 5.000000000000000000e+01 5.000000000000000000e+01
1.819999999999999618e+00 5.000000000000000000e+01 5.000000000000000000e+01 5.000000000000000000e+01
1.829999999999999627e+00 5.000000000000000000e+01 5.000000000000000000e+01 5.000000000000000000e+01
1.839999999999999414e+00 5.000000000000000000e+01 5.000000000000000000e+01 5.000000000000000000e+01
1.849999999999999423e+00 5.000000000000000000e+01 5.000000000000000000e+01 5.000000000000000000e+01
1.859999999999999432e+00 5.000000000000000000e+01 5.000000000000000000e+01 5.000000000000000000e+01
1.869999999999999440e+00 5.000000000000000000e+01 5.000000000000000000e+01 5.000000000000000000e+01
1.879999999999999671e+00 5.000000000000000000e+01 5.000000000000000000e+01 5.000000000000000000e+01
1.889999999999999680e+00 5.000000000000000000e+01 5.000000000000000000e+01 5.000000000000000000e+01
1.899999999999999467e+00 5.000000000000000000e+01 5.000000000000000000e+01 5.000000000000000000e+01
1.909999999999999476e+00 5.000000000000000000e+01 5.000000000000000000e+01 5.000000000000000000e+01
1.919999999999999485e+00 5.000000000000000000e+01 5.000000000000000000e+01 5.000000000000000000e+01
1.929999999999999494e+00 5.000000000000000000e+01 5.000000000000000000e+01 5.000000000000000000e+01
1.939999999999999503e+00 5.000000000000000000e+01 5.000000000000000000e+01 5.000000000000000000e+01
1.949999999999999289e+00 5.000000000000000000e+01 5.000000000000000000e+01 5.000000000000000000e+01
1.959999999999999520e+00 5.000000000000000000e+01 5.000000000000000000e+01 4.796580399792816252e+01
1.969999999999999529e+00 5.000000000000000000e+01 5.000000000000000000e+01 4.473892703852573050e+01
1.979999999999999538e+00 5.000000000000000000e+01 5.000000000000000000e+01 4.172745050733804106e+01
1.989999999999999547e+00 5.000000000000000000e+01 5.000000000000000000e+01 3.891632458895689695e+01
1.999999999999999556e+00 5.000000000000000000e+01 5.000000000000000000e+01 3.629160961420636511e+01
2.009999999999999343e+00 5.000000000000000000e+01 5.000000000000000000e+01 3.384038954876102423e+01
2.019999999999999574e+00 5.000000000000000000e+01 5.000000000000000000e+01 3.155069259231866141e+01
2.029999999999999361e+00 5.000000000000000000e+01 5.000000000000000000e+01 2.941141827335345837e+01
2.039999999999999591e+00 5.000000000000000000e+01 5.000000000000000000e+01 2.741227048030052771e+01
2.049999999999999378e+00 5.000000000000000000e+01 5.000000000000000000e+01 2.554369592054923288e+01
2.059999999999999609e+00 5.000000000000000000e+01 5.000000000000000000e+01 2.379682754435865277e+01
2.069999999999999396e+00 5.000000000000000000e+01 5.000000000000000000e+01 2.216343251224807176e+01
2.079999999999999627e+00 5.000000000000000000e+01 5.000000000000000000e+01 2.063586432196252929e+01
2.089999999999999414e+00 5.000000000000000000e+01 5.000000000000000000e+01 1.920701874516152330e+01
2.099999999999999201e+00 5.000000000000000000e+01 5.000000000000000000e+01 1.787029325486501463e+01
2.109999999999999432e+00 5.000000000000000000e+01 5.000000000000000000e+01 1.661954965272019535e+01
2.119999999999999662e+00 5.000000000000000000e+01 5.000000000000000000e+01 1.544907963060308376e+01
2.129999999999999449e+00 5.000000000000000000e+01 5.000000000000000000e+01 1.435357302418992020e+01
2.139999999999999680e+00 5.000000000000000000e+01 5.000000000000000000e+01 1.332808853714182362e+01
2.149999999999999467e+00 5.000000000000000000e+01 5.000000000000000000e+01 1.236802673365360050e+01
2.159999999999999254e+00 5.000000000000000000e+01 5.000000000000000000e+01 1.146910511449133452e+01
2.169999999999999485e+00 5.000000000000000000e+01 5.000000000000000000e+01 1.062733510745974463e+01
2.179999999999999272e+00 5.000000000000000000e+01 5.000000000000000000e+01 9.839000817636327056e+00
2.189999999999999503e+00 5.000000000000000000e+01 5.000000000000000000e+01 9.100639395823650446e+00
2.199999999999999734e+00 5.000000000000000000e+01 5.000000000000000000e+01 8.409022895619759908e+00
2.209999999999999520e+00 5.000000000000000000e+01 5.000000000000000000e+01 7.761141500399697968e+00
2.219999999999999307e+00 5.000000000000000000e+01 5.000000000000000000e+01 7.154188011435615557e+00
2.229999999999999538e+00 5.000000000000000000e+01 5.000000000000000000e+01 6.585543497446047390e+00
2.239999999999999325e+00 5.000000000000000000e+01 5.000000000000000000e+01 6.052764014138745985e+00
2.249999999999999556e+00 5.000000000000000000e+01 5.000000000000000000e+01 5.553568309863880614e+00
2.259999999999999343e+00 5.000000000000000000e+01 5.000000000000000000e+01 5.085826440396949089e+00
2.269999999999999130e+00 5.000000000000000000e+01 5.000000000000000000e+01 4.647549222175156203e+00
2.279999999999999361e+00 5.000000000000000000e+01 5.000000000000000000e+01 4.236878459077400016e+00
2.289999999999999591e+00 5.000000000000000000e+01 5.000000000000000000e+01 3.852077883110315515e+00
2.299999999999999378e+00 5.000000000000000000e+01 5.000000000000000000e+01 3.491524754186987600e+00
2.309999999999999609e+00 5.000000000000000000e+01 5.000000000000000000e+01 3.153702068601079489e+00
2.319999999999999396e+00 5.000000000000000000e+01 5.000000000000000000e+01 2.837191329841965093e+00
2.329999999999999627e+00 5.000000000000000000e+01 5.000000000000000000e+01 2.540665839100024304e+00
2.339999999999999414e+00 5.000000000000000000e+01 5.000000000000000000e+01 2.262884466205346001e+00
2.349999999999999645e+00 5.000000000000000000e+01 5.000000000000000000e+01 2.002685864853413822e+00
2.359999999999999432e+00 5.000000000000000000e+01 5.000000000000000000e+01 1.758983098825223301e+00
2.369999999999999662e+00 5.000000000000000000e+01 5.000000000000000000e+01 1.530758648525259780e+00
2.379999999999999449e+00 5.000000000000000000e+01 5.000000000000000000e+01 1.317059769563464489e+00
2.389999999999999236e+00 5.000000000000000000e+01 5.000000000000000000e+01 1.116994177311475767e+00
2.399999999999999467e+00 5.000000000000000000e+01 5.000000000000000000e+01 9.297260333887765738e-01
2.409999999999999254e+00 5.000000000000000000e+01 5.000000000000000000e+01 7.544722118941948885e-01
2.419999999999999485e+00 5.000000000000000000e+01 5.000000000000000000e+01 5.904988249080388441e-01
2.429999999999999272e+00 5.000000000000000000e+01 5.000000000000000000e+01 4.371179883614420558e-01
2.439999999999999059e+00 5.000000000000000000e+01 5.000000000000000000e+01 2.936848108151651759e-01
2.449999999999999289e+00 5.000000000000000000e+01 5.000000000000000000e+01 1.595945890194831462e-01
2.459999999999999076e+00 5.000000000000000000e+01 5.000000000000000000e+01 3.428019535050233491e-02
2.469999999999999307e+00 5.000000000000000000e+01 5.000000000000000000e+01 -8.279035665524879517e-02
2.479999999999999538e+00 5.000000000000000000e+01 5.000000000000000000e+01 -1.921161814089061004e-01
2.489999999999999769e+00 5.000000000000000000e+01 5.000000000000000000e+01 -2.941656368051542847e-01
2.499999999999999556e+00 5.000000000000000000e+01 5.000000000000000000e+01 -3.893782970908665764e-01
2.509999999999999343e+00 5.000000000000000000e+01 5.000000000000000000e+01 -4.781667931592890608e-01
2.519999999999999574e+00 5.000000000000000000e+01 5.000000000000000000e+01 -5.609185296144295618e-01
2.529999999999999361e+00 5.000000000000000000e+01 5.000000000000000000e+01 -6.379972872598393963e-01
2.539999999999999591e+00 5.000000000000000000e+01 5.000000000000000000e+01 -7.097447190289383201e-01
2.549999999999999378e+00 5.000000000000000000e+01 5.000000000000000000e+01 -7.764817467861658828e-01
2.559999999999999165e+00 5.000000000000000000e+01 5.000000000000000000e+01 -8.201547478254678225e-01
2.569999999999999396e+00 5.000000000000000000e+01 5.000000000000000000e+01 -8.765905121390707988e-01
2.579999999999999183e+00 5.000000000000000000e+01 5.000000000000000000e+01 -9.241008091454163687e-01
2.589999999999999414e+00 5.000000000000000000e+01 5.000000000000000000e+01 -9.565943245477961376e-01
2.599999999999999201e+00 4.811881153362028130e+01 5.000000000000000000e+01 -9.854138551576533400e-01
2.609999999999998987e+00 4.573693811352252681e+01 5.000000000000000000e+01 -1.011485235763487367e+00
2.619999999999999218e+00 4.347783777158615237e+01 5.000000000000000000e+01 -1.037274825447911608e+00
2.629999999999999005e+00 4.133492012296379414e+01 5.000000000000000000e+01 -1.060014990739315932e+00
2.639999999999999680e+00 3.930196724928233465e+01 5.000000000000000000e+01 -1.079889618389500816e+00
2.649999999999999467e+00 3.737311147933149869e+01 5.000000000000000000e+01 -1.094907271926021997e+00
2.659999999999999698e+00 3.554281456786982574e+01 4.830299339720841800e+01 -1.102174301410179247e+00
2.669999999999999485e+00 3.380584817992671987e+01 4.501807721923520234e+01 -1.107064556319700799e+00
2.679999999999999272e+00 3.215727559442335348e+01 4.193279340194802529e+01 -1.109722077492713010e+00
2.689999999999999503e+00 3.059243454690983910e+01 3.903583783989166989e+01 -1.110282410497725136e+00
2.699999999999999289e+00 2.910692113676035930e+01 3.631655475470974892e+01 -1.108873119165182608e+00
2.709999999999999520e+00 2.769657472930554931e+01 3.376489810317205809e+01 -1.106887543471132274e+00
2.719999999999999307e+00 2.635746378815155921e+01 3.137139538828193963e+01 -1.104016784143300844e+00
2.729999999999999094e+00 2.508587257736233056e+01 2.912711371661087867e+01 -1.099515864947339772e+00
2.739999999999999325e+00 2.387828867728897819e+01 2.702362795574022769e+01 -1.093484943060990755e+00
2.749999999999999112e+00 2.273139126164822343e+01 2.505299085564615780e+01 -1.086018317424142232e+00
2.759999999999999343e+00 2.164204008699398329e+01 2.320770500711507367e+01 -1.077204777557142945e+00
2.769999999999999130e+00 2.060726514902202311e+01 2.148069651886964948e+01 -1.067127930829066873e+00
2.779999999999998916e+00 1.962425696320474700e+01 1.986529030306735777e+01 -1.055132941651696132e+00
2.789999999999999147e+00 1.869035743010171302e+01 1.835518686625307794e+01 -1.041922834254985775e+00
2.799999999999999378e+00 1.780305124833398267e+01 1.694444050974683691e+01 -1.027672127167732485e+00
2.809999999999999609e+00 1.695995784067308065e+01 1.562743884985937726e+01 -1.012446587560547506e+00
2.819999999999999396e+00 1.615882376098299389e+01 1.439888357429532917e+01 -9.963081590456295267e-01
2.829999999999999627e+00 1.539751555188454901e+01 1.325377235665419029e+01 -9.793151857738705557e-01
2.839999999999999414e+00 1.467401302499404991e+01 1.218738185610277291e+01 -9.615226229579684203e-01
2.849999999999999201e+00 1.398640293743393492e+01 1.119525173410166552e+01 -9.398885889573721508e-01
2.859999999999999432e+00 1.333287304003239804e+01 1.027316962454376537e+01 -9.149093452886176703e-01
2.869999999999999218e+00 1.271170647423098998e+01 9.417156997830948839e+00 -8.892769633066465174e-01
2.879999999999999449e+00 1.212127649620953562e+01 8.623455863298698176e+00 -8.630347050503541784e-01
2.889999999999999236e+00 1.156004150813076237e+01 7.888516258015133786e+00 -8.368767135455660311e-01
2.899999999999999023e+00 1.102654037770108530e+01 7.208984473353074129e+00 -8.133091704404342703e-01
2.909999999999999254e+00 1.051938802845357301e+01 6.581691973876332646e+00 -7.892470383821466040e-01
2.919999999999999041e+00 1.003727128428700510e+01 6.003644966011617790e+00 -7.647243693748506654e-01
2.929999999999999272e+00 9.578944952844993921e+00 5.472014576710114930e+00 -7.397732347629140115e-01
2.939999999999999059e+00 9.143228133301867899e+00 4.984127604852374382e+00 -7.144238389794386190e-01
2.949999999999998845e+00 8.729000735036597902e+00 4.537457810527957491e+00 -6.927406095284943666e-01
2.959999999999999520e+00 8.335200194531800832e+00 4.129617709541458126e+00 -6.710105422480391324e-01
2.969999999999999307e+00 7.960818378632675163e+00 3.758350842568352501e+00 -6.490706742751629621e-01
2.979999999999999538e+00 7.604898663045913665e+00 3.421524490318190281e+00 -6.271562334407230210e-01
2.989999999999999325e+00 7.266533175656051391e+00 3.117122807870143841e+00 -6.052739671879533434e-01
2.999999999999999556e+00 6.944860194886330440e+00 2.843240353032360446e+00 -5.802821565376613533e-01
3.009999999999999343e+00 6.639061693940227826e+00 2.598075985153975420e+00 -5.544955850154387189e-01
3.019999999999999130e+00 6.348361022327594583e+00 2.379927112291446267e+00 -5.287402355937224074e-01
3.029999999999999361e+00 6.072020716611546298e+00 2.187184266008221911e+00 -5.030157991428044761e-01
3.039999999999999147e+00 5.809340432808847154e+00 2.018325984374078175e+00 -4.773219706004732665e-01
3.049999999999999378e+00 5.559654993342038054e+00 1.871913984934328923e+00 -4.512416060418324437e-01
3.059999999999999165e+00 5.322332541876029666e+00 1.746588610544922426e+00 -4.249228585429470906e-01
3.069999999999998952e+00 5.096772799779767382e+00 1.641064532023096323e+00 -3.986338275106943163e-01
3.079999999999999183e+00 4.882405418334082370e+00 1.554126692548348787e+00 -3.723742234989712574e-01
3.089999999999998970e+00 4.678688421163943012e+00 1.394066897349606426e+00 -3.498234592286980082e-01
3.099999999999999201e+00 4.485106731707451111e+00 1.157828402906064591e+00 -3.304367430358476909e-01
3.109999999999998987e+00 4.301170780846637953e+00 1.019854347801470329e+00 -3.110786077658985183e-01
3.119999999999999662e+00 4.126415190118574827e+00 8.288565829781099348e-01 -2.917487786022834317e-01
3.129999999999999449e+00 3.960397526199904483e+00 7.499826373588753814e-01 -2.724469842404707021e-01
3.139999999999999236e+00 3.802697122615134706e+00 6.710203667546976725e-01 -2.531729568320348345e-01
3.149999999999999467e+00 3.652913964860806217e+00 5.792503024727870820e-01 -2.318444438908201788e-01
3.159999999999999254e+00 3.510667635363422079e+00 4.424093629176017450e-01 -2.094233131975902495e-01
3.169999999999999485e+00 3.375596314901727624e+00 3.819188351852989549e-01 -1.870291661057110200e-01
3.179999999999999272e+00 3.247355837322326799e+00 3.145269468251972733e-01 -1.646617480529057598e-01
3.189999999999999059e+00 3.125618794565093506e+00 2.345917949779626754e-01 -1.423208076689007617e-01
3.199999999999999289e+00 3.010073689189233015e+00 1.547891712071543802e-01 -1.200060967255512090e-01
3.209999999999999076e+00 2.900424131755975576e+00 7.221380597460144712e-02 -1.043187144600308536e-01
3.219999999999999307e+00 2.796388080577766999e+00 -1.998368938761991773e-02 -8.917356662416613122e-02
3.229999999999999094e+00 2.697697121488858318e+00 -8.990583750459185675e-02 -7.405392191240417477e-02
3.239999999999998881e+00 2.604095785428486742e+00 -1.575717480488103006e-01 -5.895954418470714803e-02
3.249999999999999112e+00 2.515340901755253267e+00 -2.383571265371350334e-01 -4.389020020737621763e-02
3.259999999999998899e+00 2.431200985331753550e+00 -3.018257647847951142e-01 -2.884565960847498139e-02
3.269999999999999130e+00 2.351455655531133004e+00 -3.507550997448136698e-01 -1.382569483407321102e-02
3.279999999999999361e+00 2.275895085423233599e+00 -3.970155997016583393e-01 -1.310063437888470936e-05
3.289999999999999591e+00 2.204319479497891976e+00 -4.369861483128418822e-01 1.361273192868295463e-02
3.299999999999999378e+00 2.136538578376223185e+00 -4.769327872789591027e-01 2.721465484667839538e-02
3.309999999999999165e+00 2.072371189049346807e+00 -5.172453624054239585e-01 4.079288482333946753e-02
3.319999999999999396e+00 2.011644739266325033e+00 -5.586093189127907532e-01 5.434763595150923082e-02
3.329999999999999183e+00 1.954194854771452272e+00 -5.999500080928240608e-01 6.787911975234553474e-02
3.339999999999999414e+00 1.899864958164062978e+00 -6.375836170226267807e-01 8.138754521381803830e-02
3.349999999999999201e+00 1.848505888223160420e+00 -6.722154930564302466e-01 8.835076239097348905e-02
3.359999999999998987e+00 1.799975538604057679e+00 -7.068247212778074884e-01 9.468935645437656645e-02
3.369999999999999218e+00 1.754138514875341226e+00 -7.379605932594104356e-01 1.010055043179270140e-01
3.379999999999999005e+00 1.710865808921985254e+00 -7.603002596133630053e-01 1.072994052082511113e-01
3.389999999999999236e+00 1.670034489794688382e+00 -7.826178758699585680e-01 1.135712560012177574e-01
3.399999999999999023e+00 1.631527410136466960e+00 -8.049136365888788225e-01 1.198212512565094839e-01
3.409999999999998810e+00 1.595232927365647813e+00 -8.271877340475820573e-01 1.260495832515841630e-01
3.419999999999999041e+00 1.561044638839666376e+00 -8.360769979069574420e-01 1.322564420150400821e-01
3.429999999999998828e+00 1.528861130266773172e+00 -8.431769391227688093e-01 1.384420153593985126e-01
3.439999999999999503e+00 1.498585736672928936e+00 -8.502557805481386621e-01 1.446064889133149012e-01
3.449999999999999289e+00 1.470126315269123296e+00 -8.573137056595035999e-01 1.489062453938177488e-01
3.459999999999999520e+00 1.443395029600024193e+00 -8.643508958121890462e-01 1.507902056140758007e-01
3.469999999999999307e+00 1.418308144388647385e+00 -8.713675302709669168e-01 1.526536101404262491e-01
3.479999999999999094e+00 1.394785830523418646e+00 -8.783637862400949237e-01 1.544966361771268337e-01
3.489999999999999325e+00 1.372751979664059929e+00 -8.852559326490861968e-01 1.563194588974408938e-01
3.499999999999999112e+00 1.352134027970936625e+00 -8.807016324696232967e-01 1.581222514726519368e-01
3.509999999999999343e+00 1.304484061307465748e+00 -8.761274733428781047e-01 1.599051851005813818e-01
3.519999999999999130e+00 1.271391300408406755e+00 -8.715336245212431665e-01 1.616684290336210528e-01
3.529999999999998916e+00 1.248429399672151385e+00 -8.669202533392355026e-01 1.634121506062879148e-01
3.539999999999999147e+00 1.227743836895894169e+00 -8.622875252405877156e-01 1.651365152623143484e-01
3.549999999999998934e+00 1.208158933782632838e+00 -8.576356038048761343e-01 1.659709174216392746e-01
3.559999999999999165e+00 1.175949890234232464e+00 -8.529646507737056460e-01 1.625263446097542364e-01
3.569999999999998952e+00 1.143749941292434125e+00 -8.472471666723764283e-01 1.590629001317836189e-01
3.579999999999998739e+00 1.118640848574333768e+00 -8.363183966466836150e-01 1.555807421301812488e-01
3.589999999999998970e+00 1.095877815581674630e+00 -8.253710694777791623e-01 1.520800269853671283e-01
3.599999999999999201e+00 1.074365602504686157e+00 -8.144053398085223661e-01 1.485609093402011360e-01
3.609999999999999432e+00 1.059027609138509574e+00 -8.034213605682805071e-01 1.450235421240497202e-01
3.619999999999999218e+00 1.044457650318118436e+00 -7.924192829965908125e-01 1.414680765764508297e-01
3.629999999999999005e+00 1.030616597851599092e+00 -7.813992566664417216e-01 1.378946622703918767e-01
3.639999999999999236e+00 1.017467136032600639e+00 -7.703614295071602447e-01 1.343034471352007597e-01
3.649999999999999023e+00 1.003425648058720698e+00 -7.553865234261445405e-01 1.306945774790621573e-01
3.659999999999999254e+00 9.892432676543233550e-01 -7.349310853355103257e-01 1.252134278597636097e-01
3.669999999999999041e+00 9.756505873556549080e-01 -7.144582805650925295e-01 1.193969659784383935e-01
3.679999999999998828e+00 9.626167422116614913e-01 -6.939682506910856974e-01 1.135632789935239195e-01
3.689999999999999059e+00 9.481385084813860331e-01 -6.730529911273633870e-01 1.077125069465125207e-01
3.699999999999998845e+00 9.333525176058244943e-01 -6.503526913992538905e-01 1.018447883649353375e-01
3.709999999999999076e+00 9.187911284590680738e-01 -6.276355821705507099e-01 9.596026028276405384e-02
3.719999999999998863e+00 9.042464132524166143e-01 -6.049017990017422353e-01 9.005905826048739293e-02
3.729999999999999094e+00 8.917881252470830633e-01 -5.821514759995850552e-01 8.414131640486240127e-02
3.739999999999998881e+00 8.810146991647440640e-01 -5.594660907289742413e-01 7.820716738834920800e-02
3.749999999999998668e+00 8.702575489860063795e-01 -5.370113339560983468e-01 6.885775870470436932e-02
3.759999999999999343e+00 8.595165448499362260e-01 -5.145404311405532560e-01 5.857839023613380797e-02
3.769999999999999130e+00 8.487915582734367748e-01 -4.920535107654391282e-01 4.828300420799377241e-02
3.779999999999999361e+00 8.385747949191920680e-01 -4.695506999542432003e-01 3.797172774377199911e-02
3.789999999999999147e+00 8.316866883802561672e-01 -4.438156168644241673e-01 2.764468662528491924e-02
3.799999999999998934e+00 8.248142220377890910e-01 -4.141334521828230475e-01 1.730200531032930616e-02
3.809999999999999165e+00 8.179572727406373422e-01 -3.844357704559064337e-01 6.943806950057994365e-03
3.819999999999998952e+00 8.111157186271885644e-01 -3.547226935452867380e-01 -3.429786593916205051e-03
3.829999999999999183e+00 8.042894391085363415e-01 -3.232343545228249515e-01 -1.381865473268705478e-02
3.839999999999998970e+00 7.974783148519088982e-01 -2.866416435155310083e-01 -2.507164151445238562e-02
3.849999999999998757e+00 7.906822277643554830e-01 -2.500338953391627039e-01 -3.692487435538877732e-02
3.859999999999998987e+00 7.839010609766866589e-01 -2.123022450586947163e-01 -4.879302749620941654e-02
3.869999999999998774e+00 7.805645348027602237e-01 -1.706883096264709132e-01 -6.067598527567461680e-02
3.879999999999999005e+00 7.773300594724584789e-01 -1.290596840244574994e-01 -7.257363322492942082e-02
3.889999999999998792e+00 7.741101610201480687e-01 -9.677894297681594038e-02 -8.448585805217552480e-02
3.899999999999998579e+00 7.709047273159986835e-01 -7.425031155268864425e-02 -9.646542529276509736e-02
3.909999999999998810e+00 7.677136473772873115e-01 -5.170732636312341812e-02 -1.090623103148698897e-01
3.919999999999999041e+00 7.645368113537687194e-01 -2.915009725836400362e-02 -1.216734392521682251e-01
3.929999999999999272e+00 7.613741105132656450e-01 -6.578732970590422599e-03 -1.342987033724813706e-01
3.939999999999999059e+00 7.582254372274813692e-01 2.732098600647726167e-02 -1.469379950475131480e-01
3.949999999999999289e+00 7.550906849580251157e-01 6.377525290325031238e-02 -1.595912077388729755e-01
3.959999999999999076e+00 7.533306171450544486e-01 1.002433353541068162e-01 -1.722582359843163879e-01
3.969999999999998863e+00 7.536900774344073017e-01 1.372792881181918168e-01 -1.849389753841899076e-01
3.979999999999999094e+00 7.540631455277803097e-01 1.747304907532254703e-01 -1.977033382159089636e-01
3.989999999999998881e+00 7.544497191108574530e-01 2.121951988779631482e-01 -2.107981801394166466e-01
3.999999999999999112e+00 7.548496968924657269e-01 2.479940921277684618e-01 -2.239064262614556267e-01
4.009999999999998899e+00 7.552629785918185679e-01 2.836945380223838686e-01 -2.370279763012390073e-01
4.019999999999998685e+00 7.556894649259474628e-01 3.194081885517754404e-01 -2.501627309757984419e-01
4.029999999999998472e+00 7.561290575973228512e-01 3.565097798811947549e-01 -2.633105919876044809e-01
4.039999999999999147e+00 7.565816592816585473e-01 3.944093170953736349e-01 -2.764714620123708833e-01
4.049999999999998934e+00 7.570471736158955745e-01 4.323217669594537349e-01 -2.896452446870384501e-01
4.059999999999998721e+00 7.577129812282044075e-01 4.633561136909019051e-01 -3.028318445979381046e-01
4.069999999999998508e+00 7.593724432069568486e-01 4.927715550286054236e-01 -3.154468243883166156e-01
4.079999999999999183e+00 7.610445343962906062e-01 5.221996255768918127e-01 -3.274785768317723389e-01
4.089999999999998970e+00 7.627291621614089578e-01 5.521382244352232016e-01 -3.395228658510121011e-01
4.099999999999998757e+00 7.644262347712701411e-01 5.824001858540317489e-01 -3.515795997149947505e-01
4.109999999999999432e+00 7.661356613875908161e-01 6.126745012792996770e-01 -3.636486875854367806e-01
4.119999999999999218e+00 7.678573520540136199e-01 6.429610807546698448e-01 -3.757300395059811060e-01
4.129999999999999005e+00 7.695912176854288189e-01 6.812526469147285324e-01 -3.878235663915177156e-01
4.139999999999998792e+00 7.713371700574520595e-01 7.208013653111884356e-01 -3.999291800176624223e-01
4.149999999999998579e+00 7.730951217960554400e-01 7.574081663845310119e-01 -4.124832453627927942e-01
4.159999999999999254e+00 7.748649863673447991e-01 7.883257954917446408e-01 -4.255326214051765588e-01
4.169999999999999041e+00 7.766466780674881054e-01 8.192552517278124391e-01 -4.385938245764143262e-01
4.179999999999998828e+00 7.790237685409577839e-01 8.500204038619882940e-01 -4.516667699928063051e-01
4.189999999999998614e+00 7.815175001176583036e-01 8.751287291387386258e-01 -4.647513735809979396e-01
4.199999999999998401e+00 7.840228065935027635e-01 9.002486293146326757e-01 -4.778475520683334588e-01
4.209999999999999076e+00 7.865396054870248399e-01 9.253800219082044531e-01 -4.909552229733464834e-01
4.219999999999998863e+00 7.890678150985722672e-01 9.505228252198018035e-01 -5.040743045963850255e-01
4.229999999999998650e+00 7.916073545010674506e-01 9.788009441399030397e-01 -5.157085473499884998e-01
4.239999999999999325e+00 7.941581435308949777e-01 1.007247924273380946e+00 -5.266302084039006237e-01
4.249999999999999112e+00 7.967201027789205803e-01 1.035706074625056150e+00 -5.375630396760104901e-01
4.259999999999998899e+00 7.992931535816357735e-01 1.064034814885399083e+00 -5.485069625028099471e-01
4.269999999999998685e+00 8.018829947296119975e-01 1.091315130413522683e+00 -5.594618989576857215e-01
4.279999999999999361e+00 8.048974434328752814e-01 1.118606382371394536e+00 -5.704277718423094168e-01
4.289999999999999147e+00 8.079227520873575319e-01 1.145908494280485135e+00 -5.814045046781521897e-01
4.299999999999998934e+00 8.109588449259567122e-01 1.173221390373692774e+00 -5.923920216981117814e-01
4.309999999999998721e+00 8.140056468847467475e-01 1.199575295659301988e+00 -6.036324309865783722e-01
4.319999999999998508e+00 8.170630835948369253e-01 1.225904256454222407e+00 -6.156619502499510732e-01
4.329999999999999183e+00 8.201310813743476480e-01 1.252243778318563150e+00 -6.277020305827444302e-01
4.339999999999998970e+00 8.232095672204949866e-01 1.278593788249540619e+00 -6.397525989821744030e-01
4.349999999999998757e+00 8.262984688017850354e-01 1.295576097987795272e+00 -6.518135831167470862e-01
4.359999999999998543e+00 8.293977144503155152e-01 1.309685041995247934e+00 -6.638849113185600892e-01
4.369999999999998330e+00 8.327451942350179159e-01 1.323804259058037003e+00 -6.759665125757099435e-01
4.379999999999999005e+00 8.361344776495764908e-01 1.337933678812770699e+00 -6.870882514429648147e-01
4.389999999999998792e+00 8.395338940338109568e-01 1.352073231537179954e+00 -6.950612531489496204e-01
4.399999999999999467e+00 8.429433742992918921e-01 1.366222848142836455e+00 -7.030443187361810065e-01
4.409999999999999254e+00 8.463628499842416053e-01 1.380481894576107482e+00 -7.110373797428811704e-01
4.419999999999999041e+00 8.497922532464470269e-01 1.396471712712156643e+00 -7.190403683268367097e-01
4.429999999999998828e+00 8.532315168562649710e-01 1.412471391195818438e+00 -7.270532172584051045e-01
4.439999999999998614e+00 8.566805741897252080e-01 1.428480863403122525e+00 -7.350758599136155702e-01
4.449999999999999289e+00 8.601393592217245754e-01 1.444500063308965743e+00 -7.431082302673652773e-01
4.459999999999999076e+00 8.636078065193132369e-01 1.460528925480398144e+00 -7.511502628867042786e-01
4.469999999999998863e+00 8.670858512350712033e-01 1.476509693614489027e+00 -7.592018929242123626e-01
4.479999999999998650e+00 8.728260712442277303e-01 1.486813432069838292e+00 -7.660198814920790022e-01
4.489999999999998437e+00 8.788128814870003191e-01 1.497126639979053264e+00 -7.727288844260050693e-01
4.499999999999999112e+00 8.848090980539464745e-01 1.507449254212442025e+00 -7.794472936841047028e-01
4.509999999999998899e+00 8.908146583752821757e-01 1.517781212200220331e+00 -7.861750466965939932e-01
4.519999999999998685e+00 8.968295004349386979e-01 1.528122451926319680e+00 -7.929120814474041046e-01
4.529999999999998472e+00 9.028535627644501682e-01 1.538472911922273534e+00 -7.996583364680690531e-01
4.539999999999998259e+00 9.088867844369235005e-01 1.548832531261189249e+00 -8.064137508316957526e-01
4.549999999999998934e+00 9.156920949744308258e-01 1.559201249551794399e+00 -8.131782641470119977e-01
4.559999999999998721e+00 9.229243077210342872e-01 1.567230593071295752e+00 -8.199518165524934954e-01
4.569999999999999396e+00 9.301655002202303679e-01 1.574741402616586905e+00 -8.263089217622056060e-01
4.579999999999999183e+00 9.374156136526793359e-01 1.582261133095130612e+00 -8.321031020429981995e-01
4.589999999999998970e+00 9.446745897116277657e-01 1.589789726200173670e+00 -8.379061449502902548e-01
4.599999999999998757e+00 9.519423705973376615e-01 1.597327124131978415e+00 -8.437179926843438871e-01
4.609999999999998543e+00 9.595503186516524119e-01 1.604873269592322682e+00 -8.495385879469371515e-01
4.619999999999999218e+00 9.683101622038661205e-01 1.612428105779073473e+00 -8.553678739359366068e-01
4.629999999999999005e+00 9.770786401710839231e-01 1.619991576380828135e+00 -8.612057943399402671e-01
4.639999999999998792e+00 9.858556967273465199e-01 1.625587062399140859e+00 -8.670522933329888327e-01
4.649999999999998579e+00 9.946412765269185829e-01 1.629060076479415198e+00 -8.729073155693464203e-01
4.659999999999999254e+00 1.003435324699134990e+00 1.632541558932333770e+00 -8.787708061783485736e-01
4.669999999999999041e+00 1.012237786843314113e+00 1.636031455357215281e+00 -8.820225089954291109e-01
4.679999999999998828e+00 1.020757313781235354e+00 1.639529711818342728e+00 -8.849805217937872781e-01
4.689999999999999503e+00 1.029182765794676158e+00 1.643036274840004030e+00 -8.879468411526794114e-01
4.699999999999999289e+00 1.037616471348051572e+00 1.646551091401600164e+00 -8.909214140515062663e-01
4.709999999999999076e+00 1.046058377871043943e+00 1.650074108932813033e+00 -8.939041879199500773e-01
4.719999999999998863e+00 1.054508433238846354e+00 1.653605275308835942e+00 -8.968951106332037071e-01
4.729999999999998650e+00 1.062966585767453287e+00 1.657144538845663595e+00 -8.998941305072620800e-01
4.739999999999999325e+00 1.068297161445379784e+00 1.660440421043634984e+00 -9.029011962942721237e-01
4.749999999999999112e+00 1.071064253201197802e+00 1.658716243848356031e+00 -9.059162571779413309e-01
4.759999999999998899e+00 1.073839289664410446e+00 1.657000011360471703e+00 -9.089392627690052739e-01
4.769999999999998685e+00 1.076622220868304280e+00 1.655291673613268788e+00 -9.117619228688380595e-01
4.779999999999998472e+00 1.079412997264298069e+00 1.653591181058165382e+00 -9.120264432622722239e-01
4.789999999999999147e+00 1.082211569717576705e+00 1.651898484560347047e+00 -9.122987597129913473e-01
4.799999999999998934e+00 1.085017889502782218e+00 1.650213535394456033e+00 -9.125788234956373479e-01
4.809999999999998721e+00 1.087831908299757178e+00 1.648536285240333799e+00 -9.128665862900524619e-01
4.819999999999998508e+00 1.090653578189340944e+00 1.646866686178820816e+00 -9.131620001770768269e-01
4.829999999999998295e+00 1.093482851649219434e+00 1.645204690687602112e+00 -9.134650176343955819e-01
4.839999999999998970e+00 1.096319681549824621e+00 1.643550251637110327e+00 -9.137755915324410338e-01
4.849999999999998757e+00 1.096801745003188833e+00 1.641903322286474731e+00 -9.140936751303428975e-01
4.859999999999998543e+00 1.097039764297940589e+00 1.640263856279523313e+00 -9.144192220719288278e-01
4.869999999999998330e+00 1.097285200960953055e+00 1.636025625273750395e+00 -9.147521863817759114e-01
4.879999999999998117e+00 1.097538009393651537e+00 1.631099981111933772e+00 -9.143767348310197773e-01
4.889999999999998792e+00 1.097798144370454754e+00 1.626181663494221885e+00 -9.138076364077267755e-01
4.899999999999998579e+00 1.098065561034970550e+00 1.621270627564222355e+00 -9.132458196721462418e-01
4.909999999999998366e+00 1.098340214896234901e+00 1.616366828830971603e+00 -9.126912401333143743e-01
4.919999999999998153e+00 1.098622061824999774e+00 1.611470223165221149e+00 -9.121438536619829174e-01
4.929999999999997939e+00 1.098911058050062950e+00 1.606580766795769000e+00 -9.116036164869498748e-01
4.939999999999998614e+00 1.099207160154645369e+00 1.601698416305836536e+00 -9.110704851914360747e-01
4.949999999999998401e+00 1.097477190217307497e+00 1.596823128629486499e+00 -9.105444167095052554e-01
4.959999999999999076e+00 1.095183361609081807e+00 1.591954861048088699e+00 -9.100253683225266732e-01
4.969999999999998863e+00 1.092896510720989589e+00 1.587093571186824814e+00 -9.095132976556816740e-01
4.979999999999999538e+00 1.090616595518572707e+00 1.581320770766546646e+00 -9.090081626745118992e-01
4.989999999999999325e+00 1.088343574304321937e+00 1.575239485197624134e+00 -9.083379394798640760e-01
4.999999999999999112e+00 1.086077405714307664e+00 1.569165052252938342e+00 -9.064404237234947592e-01
5.009999999999998899e+00 1.083818048714852544e+00 1.563097430898811480e+00 -9.045497195576845950e-01
5.019999999999998685e+00 1.081565462599240135e+00 1.557036580428527106e+00 -9.026657862757169193e-01
5.029999999999999361e+00 1.079319606984464830e+00 1.550982460459079837e+00 -9.007885834945863479e-01
5.039999999999999147e+00 1.077080441808021982e+00 1.544935030927965469e+00 -8.989180711517883449e-01
5.049999999999998934e+00 1.073979494656466471e+00 1.538894252090004855e+00 -8.970542095021445395e-01
5.059999999999998721e+00 1.069347446392276080e+00 1.532860084514211740e+00 -8.951969591146679006e-01
5.069999999999998508e+00 1.064721970270358087e+00 1.526832489080691246e+00 -8.933462808694639934e-01
5.079999999999999183e+00 1.060103027478848770e+00 1.520297934537860440e+00 -8.915021359546687618e-01
5.089999999999998970e+00 1.055490579510889315e+00 1.512172281362305748e+00 -8.896644858634233932e-01
5.099999999999998757e+00 1.050884588161635547e+00 1.504053084805456075e+00 -8.878332923908833774e-01
5.109999999999998543e+00 1.046285015525301842e+00 1.495940306961527133e+00 -8.863704651870528695e-01
5.119999999999998330e+00 1.041691823992242805e+00 1.487833910220872413e+00 -8.849450712273242425e-01
5.129999999999999005e+00 1.037104976246064902e+00 1.479733857267098829e+00 -8.835260210544767512e-01
5.139999999999998792e+00 1.032524435260774531e+00 1.471640111074212776e+00 -8.821132776425167910e-01
5.149999999999998579e+00 1.027915207632810635e+00 1.463552634903801497e+00 -8.807068042530313834e-01
5.159999999999998366e+00 1.022346935913678090e+00 1.455471392302245759e+00 -8.793065644324017383e-01
5.169999999999998153e+00 1.016784861591821798e+00 1.447287777852011237e+00 -8.779125220090481241e-01
5.179999999999998828e+00 1.011228948774979486e+00 1.437403215763020770e+00 -8.765246410907082675e-01
5.189999999999998614e+00 1.005679161847514935e+00 1.427524779563408730e+00 -8.751428860617467276e-01
5.199999999999998401e+00 1.000135465467759222e+00 1.417652433911504861e+00 -8.737672215804934694e-01
5.209999999999998188e+00 9.945978245653795957e-01 1.407786143736977413e+00 -8.723119877074371198e-01
5.219999999999997975e+00 9.890662043387818958e-01 1.397925874238232113e+00 -8.703494116453130980e-01
5.229999999999998650e+00 9.828390172683580950e-01 1.388071590879843553e+00 -8.683928217235460378e-01
5.239999999999998437e+00 9.762598306872489751e-01 1.378223259390016109e+00 -8.664421836703398716e-01
5.249999999999998224e+00 9.696865619640233636e-01 1.369107572007327134e+00 -8.644974634750173248e-01
5.259999999999998010e+00 9.631191773466402095e-01 1.360672833771988444e+00 -8.625586273855373465e-01
5.269999999999997797e+00 9.565576433392406486e-01 1.352243946146633347e+00 -8.606256419060407392e-01
5.279999999999999361e+00 9.500019266997220546e-01 1.343820875889158994e+00 -8.586984737944257651e-01
5.289999999999999147e+00 9.434519944373414013e-01 1.335403590008822583e+00 -8.567770900599481765e-01
5.299999999999998934e+00 9.369078138103409392e-01 1.326992055763866363e+00 -8.548614579608505570e-01
5.309999999999998721e+00 9.315559165865076041e-01 1.318586240659175290e+00 -8.529515450020179745e-01
5.319999999999999396e+00 9.264142305179466907e-01 1.310186112443957995e+00 -8.510473189326592802e-01
5.329999999999999183e+00 9.212781993301009109e-01 1.301791639109455945e+00 -8.494247810163810808e-01
5.339999999999998970e+00 9.161477912539774948e-01 1.293223594999784343e+00 -8.478732070223344852e-01
5.349999999999998757e+00 9.110229747581088944e-01 1.284354417930225090e+00 -8.463272246085423722e-01
5.359999999999998543e+00 9.059037185463367781e-01 1.275490801144762543e+00 -8.447868024788469654e-01
5.369999999999999218e+00 9.007899915556217829e-01 1.266632713580357006e+00 -8.432519095702085687e-01
5.379999999999999005e+00 8.943412993005924738e-01 1.257780124404920707e+00 -8.417225150505395215e-01
5.389999999999998792e+00 8.873798887007180447e-01 1.248933003015175736e+00 -8.401985883165615787e-01
5.399999999999998579e+00 8.804239155099475855e-01 1.240091319034534623e+00 -8.386800989916876059e-01
5.409999999999998366e+00 8.734733495762899702e-01 1.231255042311006243e+00 -8.371670169239262549e-01
5.419999999999999041e+00 8.665281609702774057e-01 1.222424142915123246e+00 -8.356593121838101768e-01
5.429999999999998828e+00 8.595883199829175147e-01 1.213346233166597621e+00 -8.341569550623468832e-01
5.439999999999998614e+00 8.526537971236665125e-01 1.203972136905590684e+00 -8.324331588231631551e-01
5.449999999999998401e+00 8.457245631184244772e-01 1.194603329498592492e+00 -8.305650074364915314e-01
5.459999999999998188e+00 8.391031567189536355e-01 1.185239781885965904e+00 -8.287021158441916224e-01
5.469999999999998863e+00 8.329614540943496293e-01 1.175881465220575350e+00 -8.268444551991276370e-01
5.479999999999998650e+00 8.268249537804094329e-01 1.166528350865848607e+00 -8.249919968647275725e-01
5.489999999999998437e+00 8.206936273492055900e-01 1.157180410393858327e+00 -8.231447124130637505e-01
5.499999999999998224e+00 8.145674465795597063e-01 1.147837615583426230e+00 -8.213025736229581097e-01
5.509999999999998010e+00 8.084463834551657291e-01 1.138499938418245483e+00 -8.194655524781042644e-01
5.519999999999998685e+00 8.023377058322943567e-01 1.129576688991324351e+00 -8.176336211652126540e-01
5.529999999999998472e+00 7.964416055403379380e-01 1.120881606542305509e+00 -8.158067520721753452e-01
5.539999999999998259e+00 7.905505400554928563e-01 1.112191558900398114e+00 -8.138616466264289029e-01
5.549999999999998046e+00 7.846644821625853305e-01 1.103506518850428275e+00 -8.110336213906055303e-01
5.559999999999997833e+00 7.787834048422346278e-01 1.094826459373015037e+00 -8.082105767273389807e-01
5.569999999999998508e+00 7.729072812690946925e-01 1.086151353642812678e+00 -8.053924858112831986e-01
5.579999999999998295e+00 7.670360848101159812e-01 1.077481175026771432e+00 -8.025793220093886404e-01
5.589999999999998082e+00 7.611697890228253938e-01 1.068815897082418420e+00 -7.997710588791822062e-01
5.599999999999998757e+00 7.553083676536240798e-01 1.060155493556154349e+00 -7.969676701670651564e-01
5.609999999999999432e+00 7.497521738229949717e-01 1.053213127927196124e+00 -7.941691298066314575e-01
5.619999999999999218e+00 7.452651804238178412e-01 1.046663997912731459e+00 -7.913754119169998935e-01
5.629999999999999005e+00 7.407829837984403198e-01 1.040119664672066291e+00 -7.885864908011677166e-01
5.639999999999998792e+00 7.363055584321078761e-01 1.033580102690446534e+00 -7.858023409443808394e-01
5.649999999999998579e+00 7.318328789907021514e-01 1.027045286633752941e+00 -7.830229370125205701e-01
5.659999999999999254e+00 7.273649203191436818e-01 1.020515191346907047e+00 -7.802482538505074450e-01
5.669999999999999041e+00 7.229016574398142714e-01 1.013989791852289990e+00 -7.742993314921461367e-01
5.679999999999998828e+00 7.184430655509945751e-01 1.007469063348182869e+00 -7.682237699056406743e-01
5.689999999999998614e+00 7.139891200253177805e-01 1.000952981207218428e+00 -7.621528546822783357e-01
5.699999999999998401e+00 7.096719297283426986e-01 9.944415209748544981e-01 -7.560865613675161745e-01
5.709999999999999076e+00 7.053869029291727211e-01 9.885449985827456931e-01 -7.500248656781218770e-01
5.719999999999998863e+00 7.011064496419506797e-01 9.827742193231843171e-01 -7.439677435006752937e-01
5.729999999999998650e+00 6.968305459215877740e-01 9.770079896304822986e-01 -7.379151708900878459e-01
5.739999999999998437e+00 6.925591679898601694e-01 9.712462857264154703e-01 -7.318671240681358103e-01
5.749999999999998224e+00 6.882922922339574923e-01 9.654890839981734585e-01 -7.258235794220085912e-01
5.759999999999998899e+00 6.840298952050472003e-01 9.597363609969238318e-01 -7.197845135028736463e-01
5.769999999999998685e+00 6.797719536168538301e-01 9.539880934363912379e-01 -7.139126043499370855e-01
5.779999999999998472e+00 6.755184443442526776e-01 9.482442581914507507e-01 -7.088521448511894141e-01
5.789999999999998259e+00 6.712693444218778005e-01 9.425048322967367609e-01 -7.037960947026681291e-01
5.799999999999998046e+00 6.677889636574553256e-01 9.367697929452650785e-01 -6.987444310973891515e-01
5.809999999999998721e+00 6.649392726143253940e-01 9.308463400228271789e-01 -6.936971313853874666e-01
5.819999999999998508e+00 6.620939229701775508e-01 9.245529488995002376e-01 -6.886541730723679811e-01
5.829999999999998295e+00 6.592528923850513589e-01 9.182638768351949476e-01 -6.836155338183702579e-01
5.839999999999998082e+00 6.564161586719996500e-01 9.119791016429642516e-01 -6.785811914364469066e-01
5.849999999999997868e+00 6.535836997957812367e-01 9.056986012875668512e-01 -6.735511238913568510e-01
5.859999999999998543e+00 6.507554938715657267e-01 8.994223538841723542e-01 -6.685253092982696987e-01
5.869999999999998330e+00 6.482550976233339979e-01 8.931503376970807428e-01 -6.631477699695601524e-01
5.879999999999998117e+00 6.462390061894366378e-01 8.868825311384535004e-01 -6.577334065915547701e-01
5.889999999999997904e+00 6.442271029427725226e-01 8.806189127670592809e-01 -6.523232314007826327e-01
5.899999999999997691e+00 6.422193665874736945e-01 8.743594612870306815e-01 -6.469172231013758934e-01
5.909999999999998366e+00 6.402157759718080099e-01 8.681041555466350035e-01 -6.415153605416021865e-01
5.919999999999999041e+00 6.382163100869591155e-01 8.624817087182224951e-01 -6.361176227126450478e-01
5.929999999999998828e+00 6.362209480658240768e-01 8.575245586745653403e-01 -6.307239887474019868e-01
5.939999999999998614e+00 6.342296691818181120e-01 8.525714917680370375e-01 -6.253344379192879998e-01
5.949999999999999289e+00 6.322424528476952021e-01 8.476224874113920116e-01 -6.204458553982634683e-01
5.959999999999999076e+00 6.302592786143786929e-01 8.426775251555532753e-01 -6.170752157809147320e-01
5.969999999999998863e+00 6.282801261698044426e-01 8.377365846884567979e-01 -6.137085979523082546e-01
5.979999999999998650e+00 6.263049753377744056e-01 8.327996458339046448e-01 -6.103459817362461015e-01
5.989999999999998437e+00 6.245165473208244000e-01 8.278666885504319950e-01 -6.069873470912633406e-01
5.999999999999999112e+00 6.234785504035028625e-01 8.229376929301830401e-01 -6.036326741095043857e-01
6.009999999999998899e+00 6.224444953740478903e-01 8.180126391978007616e-01 -6.002819430156121072e-01
6.019999999999998685e+00 6.214143625885001354e-01 8.130915077093257004e-01 -5.969351341656270460e-01
6.029999999999998472e+00 6.203881325332083474e-01 8.083693711225204970e-01 -5.935922280458979516e-01
6.039999999999998259e+00 6.193657858237505698e-01 8.046131008515219341e-01 -5.902532052720028677e-01
6.049999999999998934e+00 6.183473032038666606e-01 8.008606946700970175e-01 -5.869180465876816521e-01
6.059999999999998721e+00 6.173326655444002498e-01 7.971121334490895993e-01 -5.836443162185013245e-01
6.069999999999998508e+00 6.163218538422522430e-01 7.933673981854006962e-01 -5.809444262978180618e-01
6.079999999999998295e+00 6.153148492193433183e-01 7.896264700009508752e-01 -5.782483434563741032e-01
6.089999999999998082e+00 6.143116329215889682e-01 7.858893301416555177e-01 -5.755560489400844970e-01
6.099999999999998757e+00 6.133121863178816469e-01 7.821559599764073001e-01 -5.728675241178420308e-01
6.109999999999998543e+00 6.133444179617879577e-01 7.784263409960701097e-01 -5.701827504805105917e-01
6.119999999999998330e+00 6.135122565763082569e-01 7.747004548124826195e-01 -5.675017096399289640e-01
6.129999999999998117e+00 6.136838097194049491e-01 7.709782831574715223e-01 -5.648243833279236181e-01
6.139999999999997904e+00 6.138590592419157499e-01 7.672598078818743117e-01 -5.621507533953322699e-01
6.149999999999998579e+00 6.140379871127212841e-01 7.640305146054191532e-01 -5.594808018110357661e-01
6.159999999999998366e+00 6.142205754177878507e-01 7.608646778677295996e-01 -5.568145106610001838e-01
6.169999999999998153e+00 6.144068063592176276e-01 7.577024837664033674e-01 -5.547808300389946989e-01
6.179999999999997939e+00 6.145966622543101998e-01 7.545439146187397084e-01 -5.547564193666403298e-01
6.189999999999997726e+00 6.147901255346309712e-01 7.513889528563042486e-01 -5.547356160795140489e-01
6.199999999999998401e+00 6.149871787450897909e-01 7.482375810240070590e-01 -5.547184027225258163e-01
6.209999999999998188e+00 6.151878045430292374e-01 7.450897817791903854e-01 -5.547047619530184326e-01
6.219999999999997975e+00 6.155832363392617079e-01 7.419455378907250376e-01 -5.546946765398621526e-01
6.229999999999997762e+00 6.163255654970665187e-01 7.388048322381148836e-01 -5.546881293625610665e-01
6.239999999999999325e+00 6.170714158799771587e-01 7.356676478106102257e-01 -5.546851034103658096e-01
6.249999999999999112e+00 6.178207705861130661e-01 7.323969652587196677e-01 -5.546855817813961531e-01
6.259999999999998899e+00 6.185736128215931773e-01 7.272581895549410369e-01 -5.546895476817703674e-01
6.269999999999998685e+00 6.193299258996742829e-01 7.221228846937632895e-01 -5.546969844247455761e-01
6.279999999999998472e+00 6.200896932398977102e-01 7.169910340947281968e-01 -5.548451374469970387e-01
6.289999999999999147e+00 6.208528983672455537e-01 7.118626212828172983e-01 -5.550354493691241897e-01
6.299999999999998934e+00 6.216195249113027899e-01 7.067376298876159035e-01 -5.552291827079609554e-01
6.309999999999998721e+00 6.223895566054292727e-01 7.016160436424835334e-01 -5.554263211968667457e-01
6.319999999999998508e+00 6.231629772859376137e-01 6.964978463837332434e-01 -5.556268486721546163e-01
6.329999999999998295e+00 6.237351815251286347e-01 6.913830220498180523e-01 -5.558307490722774746e-01
6.339999999999998970e+00 6.241910521289365521e-01 6.862715546805259192e-01 -5.560380064370235020e-01
6.349999999999998757e+00 6.246502638376920657e-01 6.811634284161813824e-01 -5.562486049067171257e-01
6.359999999999998543e+00 6.251128008914662582e-01 6.761004210741584641e-01 -5.564625287214294280e-01
6.369999999999998330e+00 6.255786476292933829e-01 6.713875424870295872e-01 -5.566797622201947737e-01
6.379999999999998117e+00 6.260477884883960398e-01 6.666779580211761314e-01 -5.574531182489044223e-01
6.389999999999998792e+00 6.265202080034159016e-01 6.619716522112397694e-01 -5.585178284680465399e-01
6.399999999999998579e+00 6.269958908056536551e-01 6.572686096885212992e-01 -5.595858019744064382e-01
6.409999999999998366e+00 6.274748216223138275e-01 6.525688151802254700e-01 -5.606570234951888665e-01
6.419999999999998153e+00 6.279569852757590498e-01 6.478722535087146905e-01 -5.617314778527562336e-01
6.429999999999997939e+00 6.284423666827697597e-01 6.431789095907692877e-01 -5.628091499638891992e-01
6.439999999999998614e+00 6.289309508538103444e-01 6.384887684368537597e-01 -5.638900248390520398e-01
6.449999999999998401e+00 6.294227228923041650e-01 6.338018151503913566e-01 -5.649740875816678942e-01
6.459999999999998188e+00 6.300991668063402606e-01 6.291180349270442118e-01 -5.660613233873988959e-01
6.469999999999997975e+00 6.315556687678263170e-01 6.245477320720053127e-01 -5.671517175434331870e-01
6.479999999999997762e+00 6.330153144576233792e-01 6.204808639410455129e-01 -5.682452554277784840e-01
6.489999999999998437e+00 6.344780893438595193e-01 6.164171250065246799e-01 -5.693419225085627478e-01
6.499999999999998224e+00 6.359439789840893864e-01 6.123565008259976850e-01 -5.704417043433409606e-01
6.509999999999998010e+00 6.374129690246083113e-01 6.082989770457596368e-01 -5.725773638623282702e-01
6.519999999999997797e+00 6.388850451997705182e-01 6.042445394001649817e-01 -5.752005105634925286e-01
6.529999999999997584e+00 6.403601933313158856e-01 6.001931737109534870e-01 -5.778267292210400585e-01
6.539999999999998259e+00 6.418383993277012589e-01 5.961448658865818873e-01 -5.804560057434277054e-01
6.549999999999998046e+00 6.433196491834389796e-01 5.920996019215627459e-01 -5.830883261251675886e-01
6.559999999999998721e+00 6.438813684802999759e-01 5.880573678958068706e-01 -5.857236764461715151e-01
6.569999999999998508e+00 6.442706188485367580e-01 5.840935701662988144e-01 -5.883620428710998329e-01
6.579999999999999183e+00 6.446628715694646683e-01 5.804284743572701855e-01 -5.910034116487190570e-01
6.589999999999998970e+00 6.450581129753168996e-01 5.767663672331659885e-01 -5.936477691112628241e-01
6.599999999999998757e+00 6.454563294811624941e-01 5.731072352090550437e-01 -5.962951016737998433e-01
6.609999999999998543e+00 6.458575075842779567e-01 5.694510647822139671e-01 -5.989453958336066197e-01
6.619999999999998330e+00 6.462616338635276403e-01 5.657978425315072224e-01 -6.001528341095991870e-01
6.629999999999999005e+00 6.466686949787482375e-01 5.621475551167712803e-01 -6.013228263191751077e-01
6.639999999999998792e+00 6.472601655733087878e-01 5.585001892782048838e-01 -6.024957401049209071e-01
6.649999999999998579e+00 6.478577202743455166e-01 5.548557318357655310e-01 -6.036715622867933062e-01
6.659999999999998366e+00 6.484581702706254669e-01 5.512141696885693998e-01 -6.048502797639091488e-01
6.669999999999998153e+00 6.490615025398316362e-01 5.475754898142992655e-01 -6.060318795139509884e-01
6.679999999999998828e+00 6.496677041376242023e-01 5.439664373825576771e-01 -6.072163485925794468e-01
6.689999999999998614e+00 6.502767621970587664e-01 5.419868302897872248e-01 -6.084036741328497921e-01
6.699999999999998401e+00 6.508886639280088149e-01 5.400100668685321459e-01 -6.095938433446356219e-01
6.709999999999998188e+00 6.515033966165925117e-01 5.380361344049108263e-01 -6.107868435140553220e-01
6.719999999999997975e+00 6.521209476246063730e-01 5.360650202607196713e-01 -6.119826620029049646e-01
6.729999999999998650e+00 6.527413043889621624e-01 5.340967118728705554e-01 -6.127371435753296014e-01
6.739999999999998437e+00 6.533644544211303362e-01 5.321311967528334907e-01 -6.132481610920522686e-01
6.749999999999998224e+00 6.539903853065870409e-01 5.301684624860852901e-01 -6.137619594620633556e-01
6.759999999999998010e+00 6.545394375588958757e-01 5.282084967315605617e-01 -6.142785263442981369e-01
6.769999999999997797e+00 6.548266459410554408e-01 5.262512872211111414e-01 -6.147978494706081154e-01
6.779999999999998472e+00 6.551165983715195873e-01 5.242968217589663027e-01 -6.153199166452227864e-01
6.789999999999998259e+00 6.554092827263638954e-01 5.223450882212017365e-01 -6.158447157442176190e-01
6.799999999999998046e+00 6.557046869529806754e-01 5.203960745552095313e-01 -6.163722347149849234e-01
6.809999999999997833e+00 6.560027990695559419e-01 5.184497687791758125e-01 -6.169024615757107144e-01
6.819999999999997620e+00 6.563036071645503844e-01 5.180024128298424957e-01 -6.174353844148555703e-01
6.829999999999998295e+00 6.566070993961845570e-01 5.187079299981707248e-01 -6.187265207508075848e-01
6.839999999999998082e+00 6.569132639919293970e-01 5.194161195306093992e-01 -6.200590055872836626e-01
6.849999999999997868e+00 6.572220892480006293e-01 5.201269697233745770e-01 -6.213941510840861326e-01
6.859999999999997655e+00 6.575335635288570568e-01 5.208404689409250610e-01 -6.227319456056740199e-01
6.869999999999997442e+00 6.576481236356576110e-01 5.215566056154673502e-01 -6.240723775842536014e-01
6.879999999999999005e+00 6.575827911308913531e-01 5.222753682464619240e-01 -6.254154355192856896e-01
6.889999999999998792e+00 6.575200731488048955e-01 5.229967454001364091e-01 -6.267611079769974669e-01
6.899999999999998579e+00 6.574599583219083998e-01 5.237207257090007451e-01 -6.281093835898992062e-01
6.909999999999998366e+00 6.574024353485148353e-01 5.244472978713681233e-01 -6.294602510563039877e-01
6.919999999999999041e+00 6.573474929922653587e-01 5.251764506508794783e-01 -6.308136991398526350e-01
6.929999999999998828e+00 6.572951200816570250e-01 5.259081728760320873e-01 -6.321697166690425362e-01
6.939999999999998614e+00 6.572453055095761609e-01 5.266424534397120549e-01 -6.335282925367599072e-01
6.949999999999998401e+00 6.571980382328348469e-01 5.274302356687349258e-01 -6.339087588911301863e-01
6.959999999999998188e+00 6.571533072717119506e-01 5.288907397120643505e-01 -6.341189725283504774e-01
6.969999999999998863e+00 6.571111017094972695e-01 5.303537691543019905e-01 -6.343317115644789839e-01
6.979999999999998650e+00 6.563052810794842706e-01 5.318193131412980446e-01 -6.345469651453659043e-01
6.989999999999998437e+00 6.554374298704469526e-01 5.332873608810145827e-01 -6.347647224789735310e-01
6.999999999999998224e+00 6.545720716837614139e-01 5.347579016430831222e-01 -6.349849728349329370e-01
7.009999999999998010e+00 6.537091958502880829e-01 5.362309247583635363e-01 -6.352077055441043285e-01
7.019999999999998685e+00 6.528487917616796476e-01 5.377064196185090683e-01 -6.354329099981407269e-01
7.029999999999998472e+00 6.519908488699494020e-01 5.391843756755326789e-01 -6.356605756490553150e-01
7.039999999999998259e+00 6.511353566870425880e-01 5.406647824413797210e-01 -6.358906920087933345e-01
7.049999999999998046e+00 6.502823047844112914e-01 5.421476294875023916e-01 -6.359876556443321283e-01
7.059999999999997833e+00 6.494316827925921132e-01 5.436329064444370696e-01 -6.357771428482701381e-01
7.069999999999998508e+00 6.485834804007896137e-01 5.450873218260555708e-01 -6.355690496522250488e-01
7.079999999999998295e+00 6.477376873564616444e-01 5.465385745862422207e-01 -6.353633658036543785e-01
7.089999999999998082e+00 6.468942934649078991e-01 5.479922264992032055e-01 -6.351600811078578213e-01
7.099999999999997868e+00 6.460532885888630172e-01 5.494482674276729428e-01 -6.349591854275702385e-01
7.109999999999997655e+00 6.453094719470460205e-01 5.509066872914176738e-01 -6.347606686825574274e-01
7.119999999999998330e+00 6.446298982808775779e-01 5.523674760668331185e-01 -6.345645208492154410e-01
7.129999999999998117e+00 6.439526835590099196e-01 5.538306237865495696e-01 -6.343707319601744610e-01
7.139999999999997904e+00 6.432778178699122273e-01 5.552961205390360977e-01 -6.341792921039035580e-01
7.149999999999997691e+00 6.426052913575033276e-01 5.567639564682110853e-01 -6.339901914243211145e-01
7.159999999999997478e+00 6.419350942207630029e-01 5.582341217730548699e-01 -6.338034201204074680e-01
7.169999999999998153e+00 6.412672167133500745e-01 5.597066067072259399e-01 -6.338349181397207044e-01
7.179999999999997939e+00 6.406016491432197091e-01 5.611814015786795729e-01 -6.340042294995743566e-01
7.189999999999997726e+00 6.399383818722469419e-01 5.628870484632912952e-01 -6.341758411585858290e-01
7.199999999999998401e+00 6.392774053158519765e-01 5.648053027209097854e-01 -6.343497435321749922e-01
7.209999999999998188e+00 6.386187099426289260e-01 5.667258381616998575e-01 -6.345259270889360703e-01
7.219999999999998863e+00 6.374150611177066272e-01 5.686486453070614955e-01 -6.347043823502684923e-01
7.229999999999998650e+00 6.361890363571399698e-01 5.705737147308342916e-01 -6.348850998900122944e-01
7.239999999999998437e+00 6.349652645009027374e-01 5.725010370589368458e-01 -6.350680703340857436e-01
7.249999999999998224e+00 6.337437362266322705e-01 5.744306029690060544e-01 -6.352532843601258472e-01
7.259999999999998010e+00 6.325244422633288233e-01 5.763624031900421718e-01 -6.354407326971328596e-01
7.269999999999998685e+00 6.313073733910020691e-01 5.782964285020549822e-01 -6.356304061251166759e-01
7.279999999999998472e+00 6.300925204403209356e-01 5.802326697357136354e-01 -6.358081917158063812e-01
7.289999999999998259e+00 6.288798742922665497e-01 5.811246076483652656e-01 -6.354623837874127101e-01
7.299999999999998046e+00 6.276694258777869573e-01 5.818203834484030335e-01 -6.351187735925938327e-01
7.309999999999997833e+00 6.262858698500399779e-01 5.825183479625889449e-01 -6.347773521119232099e-01
7.319999999999998508e+00 6.246439660086986478e-01 5.832184922207832578e-01 -6.344381103752608775e-01
7.329999999999998295e+00 6.230042329901761544e-01 5.839208073017964074e-01 -6.341010394614173817e-01
7.339999999999998082e+00 6.213666619218994880e-01 5.846252843330551618e-01 -6.337661304978196020e-01
7.349999999999997868e+00 6.197312439795819028e-01 5.853319144902732196e-01 -6.334333746601811255e-01
7.359999999999997655e+00 6.180979703868948461e-01 5.860406889971218058e-01 -6.331027631721729554e-01
7.369999999999998330e+00 6.164668324151423295e-01 5.867515991249048213e-01 -6.327742873050994366e-01
7.379999999999998117e+00 6.148378213829384098e-01 5.874646361922366555e-01 -6.324479383775745145e-01
7.389999999999997904e+00 6.132109286558872219e-01 5.881797915647211106e-01 -6.321237077552023242e-01
7.399999999999997691e+00 6.115861456462651224e-01 5.888970566546345431e-01 -6.309119698575976765e-01
7.409999999999998366e+00 6.100658789868235177e-01 5.898123700712234463e-01 -6.291439291890871255e-01
7.419999999999998153e+00 6.090658290705678324e-01 5.908701869183804467e-01 -6.273779812013183799e-01
7.429999999999997939e+00 6.080678633854682547e-01 5.919300879966935547e-01 -6.256141174447057418e-01
7.439999999999997726e+00 6.070719735273671924e-01 5.929920649020050671e-01 -6.238523295150916192e-01
7.449999999999997513e+00 6.060781511372294039e-01 5.940561092752799643e-01 -6.220926090534407704e-01
7.459999999999998188e+00 6.050863879008407942e-01 5.951222128023041513e-01 -6.203349477455391003e-01
7.469999999999997975e+00 6.040966755485073225e-01 5.961903672133832544e-01 -6.185793373216925684e-01
7.479999999999997762e+00 6.031090058547585731e-01 5.972605642830470796e-01 -6.168257695564306475e-01
7.489999999999997549e+00 6.021233706380511030e-01 5.983327958297524063e-01 -6.150742362682101172e-01
7.499999999999997335e+00 6.011397617604768984e-01 5.994070537155908873e-01 -6.133247293191229632e-01
7.509999999999998010e+00 6.001581711274721620e-01 6.004833298459987256e-01 -6.115772406146051665e-01
7.519999999999998685e+00 5.991785906875293222e-01 6.015616161694687936e-01 -6.108553227463022761e-01
7.529999999999998472e+00 5.982010124319110389e-01 6.026419046772633070e-01 -6.102642813008909428e-01
7.539999999999998259e+00 5.972254283943667641e-01 6.031842316122447700e-01 -6.096752340735539510e-01
7.549999999999998046e+00 5.962518306508511889e-01 6.026208964717272298e-01 -6.090881731402454369e-01
7.559999999999998721e+00 5.941906966066711204e-01 6.020595397431194318e-01 -6.085030906188464428e-01
7.569999999999998508e+00 5.917159868410407642e-01 6.015001535859511028e-01 -6.079199786688870288e-01
7.579999999999998295e+00 5.892432398477545075e-01 6.009427302011268734e-01 -6.073388294912718255e-01
7.589999999999998082e+00 5.867724478688189915e-01 6.003872618306532738e-01 -6.067596353280072519e-01
7.599999999999997868e+00 5.843036031870721958e-01 5.998337407573685054e-01 -6.061823884619313985e-01
7.609999999999998543e+00 5.818366981259156523e-01 5.992821593046739892e-01 -6.056070812164459083e-01
7.619999999999998330e+00 5.793717250490476589e-01 5.987325098362680231e-01 -6.050337059552488572e-01
7.629999999999998117e+00 5.769086763601996015e-01 5.981847847558822151e-01 -6.044173391724931843e-01
7.639999999999997904e+00 5.752051037764737140e-01 5.976389765070190263e-01 -6.024156919521604925e-01
7.649999999999997691e+00 5.735284813550035610e-01 5.970950775726919790e-01 -6.004159540463640532e-01
7.659999999999998366e+00 5.718537607703364500e-01 5.965530804751681959e-01 -5.984181179773706560e-01
7.669999999999998153e+00 5.701809345837367538e-01 5.958598704684898717e-01 -5.964221763064444515e-01
7.679999999999997939e+00 5.685099953952117424e-01 5.941765467514342758e-01 -5.944281216335931539e-01
7.689999999999997726e+00 5.668409358432606737e-01 5.924951026709526225e-01 -5.924359465973157990e-01
7.699999999999997513e+00 5.651737486046239933e-01 5.908155309037854686e-01 -5.904456438743527213e-01
7.709999999999998188e+00 5.635084263940359772e-01 5.891378241646668679e-01 -5.884572061794383080e-01
7.719999999999997975e+00 5.618449619639783732e-01 5.874619752060786793e-01 -5.864706262650545288e-01
7.729999999999997762e+00 5.601833481044360408e-01 5.857879768180058733e-01 -5.844858969211857991e-01
7.739999999999997549e+00 5.585235776426552556e-01 5.841158218276943925e-01 -5.825242776385569643e-01
7.749999999999997335e+00 5.569129558713482586e-01 5.824455030994111215e-01 -5.806370296710936518e-01
7.759999999999998010e+00 5.553947733433389766e-01 5.807770135342047446e-01 -5.787516108667073444e-01
7.769999999999997797e+00 5.538784129160009284e-01 5.791103460696698235e-01 -5.768680141629922709e-01
7.779999999999997584e+00 5.523638675632389639e-01 5.774454936797108751e-01 -5.749862325338533919e-01
7.789999999999997371e+00 5.508511302950357402e-01 5.757824493743105565e-01 -5.731062589892730319e-01
7.799999999999997158e+00 5.493401941572195746e-01 5.741212061992974069e-01 -5.712280865750799519e-01
7.809999999999997833e+00 5.478310522312359598e-01 5.724617572361168083e-01 -5.693517083727193118e-01
7.819999999999997620e+00 5.463236976339193030e-01 5.707789613725049449e-01 -5.674771174990255185e-01
7.829999999999997407e+00 5.448181235172669945e-01 5.690529580058019121e-01 -5.656043071059962957e-01
7.839999999999998082e+00 5.433143230682151437e-01 5.673287283066992259e-01 -5.637332703805674194e-01
7.849999999999998757e+00 5.418122895084166446e-01 5.656062654968500025e-01 -5.621427374983289926e-01
7.859999999999998543e+00 5.416319427918954155e-01 5.638855628324015434e-01 -5.605566420883588696e-01
7.869999999999998330e+00 5.409437192305334152e-01 5.621666136037782868e-01 -5.589723001142138381e-01
7.879999999999998117e+00 5.402572424294794784e-01 5.604494111354630936e-01 -5.573897049003768700e-01
7.889999999999997904e+00 5.395725057470592834e-01 5.587339487857816422e-01 -5.558088498051736437e-01
7.899999999999998579e+00 5.388895025752274970e-01 5.570202199466885995e-01 -5.542297282205589370e-01
7.909999999999998366e+00 5.382082263393549448e-01 5.553082180435549020e-01 -5.526523335719033536e-01
7.919999999999998153e+00 5.375286704980174468e-01 5.535979365349559256e-01 -5.510766593177827133e-01
7.929999999999997939e+00 5.368508285427866511e-01 5.518893689124639845e-01 -5.368508285427866511e-01
7.939999999999997726e+00 5.361746939980224225e-01 5.501825087004384995e-01 -5.361746939980224225e-01
7.949999999999998401e+00 5.355002604206663408e-01 5.484773494558211615e-01 -5.355002604206663408e-01
7.959999999999998188e+00 5.348275214000374200e-01 5.473207433000542022e-01 -5.348275214000374200e-01
7.969999999999997975e+00 5.341564705576283822e-01 5.464463059132494971e-01 -5.341564705576283822e-01
7.979999999999997762e+00 5.334871015469044853e-01 5.455735503581301549e-01 -5.334871015469044853e-01
7.989999999999997549e+00 5.328194080531035715e-01 5.447024703199336848e-01 -5.328194080531035715e-01
7.999999999999998224e+00 5.321533837930372268e-01 5.438330595154717839e-01 -5.321533837930372268e-01
8.009999999999998010e+00 5.314890225148936054e-01 5.429653116929326062e-01 -5.314890225148936054e-01
8.019999999999997797e+00 5.308263179980421409e-01 5.420992206316855855e-01 -5.308263179980421409e-01
8.029999999999997584e+00 5.301652640528390359e-01 5.412347801420870352e-01 -5.301652640528390359e-01
8.039999999999997371e+00 5.295058545204350819e-01 5.403719840652874140e-01 -5.295058545204350819e-01
8.049999999999997158e+00 5.288480832725835912e-01 5.395108262730403670e-01 -5.288480832725835912e-01
8.059999999999996945e+00 5.281919442114513252e-01 5.386513006675126558e-01 -5.281919442114513252e-01
8.069999999999998508e+00 5.275374312694297574e-01 5.377934011810954207e-01 -5.275374312694297574e-01
8.079999999999998295e+00 5.268845384089477779e-01 5.369371217762179960e-01 -5.268845384089477779e-01
8.089999999999998082e+00 5.262332596222865089e-01 5.356252834383082861e-01 -5.262332596222865089e-01
8.099999999999997868e+00 5.255835889313947851e-01 5.340494541350973012e-01 -5.255835889313947851e-01
8.109999999999997655e+00 5.249355203877063003e-01 5.324752269790897774e-01 -5.249355203877063003e-01
8.119999999999997442e+00 5.242890480719578639e-01 5.309025960510221909e-01 -5.242890480719578639e-01
8.129999999999997229e+00 5.236441660940096554e-01 5.293315554607549434e-01 -5.236441660940096554e-01
8.139999999999997016e+00 5.230008685926655909e-01 5.277620993470918398e-01 -5.230008685926655909e-01
8.149999999999996803e+00 5.223591497354967972e-01 5.261942218776038960e-01 -5.223591497354967972e-01
8.159999999999998366e+00 5.217190037186639762e-01 5.246279172484518138e-01 -5.217190037186639762e-01
8.169999999999998153e+00 5.210804247667438771e-01 5.230631796842127867e-01 -5.210804247667438771e-01
8.179999999999997939e+00 5.204434071325546585e-01 5.215000034377044180e-01 -5.204434071325546585e-01
8.189999999999997726e+00 5.198079450969839144e-01 5.199383827898145238e-01 -5.198079450969839144e-01
8.199999999999997513e+00 5.191740329688168121e-01 5.187983473561258441e-01 -5.191740329688168121e-01
8.209999999999999076e+00 5.185416650845673381e-01 5.179197049156943899e-01 -5.185416650845673381e-01
8.219999999999998863e+00 5.179108358083086561e-01 5.170426010832537278e-01 -5.179108358083086561e-01
8.229999999999998650e+00 5.172815395315064624e-01 5.161670302502694430e-01 -5.172815395315064624e-01
8.239999999999998437e+00 5.166537706728516754e-01 5.152929868354325649e-01 -5.166537706728516754e-01
8.249999999999998224e+00 5.160275236780966779e-01 5.144204652844956982e-01 -5.160275236780966779e-01
8.259999999999998010e+00 5.154027930198907814e-01 5.135494600701077106e-01 -5.154027930198907814e-01
8.269999999999997797e+00 5.147795731976176903e-01 5.126799656916525283e-01 -5.147795731976176903e-01
8.279999999999997584e+00 5.141578587372339637e-01 5.118119766750867106e-01 -5.141578587372339637e-01
8.289999999999997371e+00 5.135376441911094769e-01 5.109454875727802436e-01 -5.135376441911094769e-01
8.299999999999997158e+00 5.129189241378672159e-01 5.100804929633558915e-01 -5.129189241378672159e-01
8.309999999999998721e+00 5.123016931822259590e-01 5.092169874515326544e-01 -5.123016931822259590e-01
8.319999999999998508e+00 5.116859459548435130e-01 5.083549656679681172e-01 -5.116859459548435130e-01
8.329999999999998295e+00 5.110716771121607271e-01 5.110716771121607271e-01 -5.110716771121607271e-01
8.339999999999998082e+00 5.104588813362467281e-01 5.104588813362467281e-01 -5.104588813362467281e-01
8.349999999999997868e+00 5.098475533346464861e-01 5.098475533346464861e-01 -5.098475533346464861e-01
8.359999999999997655e+00 5.092376878402270490e-01 5.092376878402270490e-01 -5.092376878402270490e-01
8.369999999999997442e+00 5.086292796110273295e-01 5.086292796110273295e-01 -5.086292796110273295e-01
8.379999999999997229e+00 5.080223234301072255e-01 5.080223234301072255e-01 -5.080223234301072255e-01
8.389999999999997016e+00 5.074168141053990722e-01 5.074168141053990722e-01 -5.074168141053990722e-01
8.399999999999996803e+00 5.068127464695592055e-01 5.068127464695592055e-01 -5.068127464695592055e-01
8.409999999999998366e+00 5.062101153798214126e-01 5.062101153798214126e-01 -5.062101153798214126e-01
8.419999999999998153e+00 5.056089157178501603e-01 5.056089157178501603e-01 -5.056089157178501603e-01
8.429999999999997939e+00 5.050091423895964882e-01 5.050091423895964882e-01 -5.050091423895964882e-01
8.439999999999997726e+00 5.044107903251537905e-01 5.044107903251537905e-01 -5.044107903251537905e-01
8.449999999999997513e+00 5.038138544786151529e-01 5.038138544786151529e-01 -5.038138544786151529e-01
8.459999999999997300e+00 5.032183298279312433e-01 5.032183298279312433e-01 -5.032183298279312433e-01
8.469999999999997087e+00 5.026242113747695361e-01 5.026242113747695361e-01 -5.026242113747695361e-01
8.479999999999998650e+00 5.020314941443747569e-01 5.020314941443747569e-01 -5.020314941443747569e-01
8.489999999999998437e+00 5.014401731854296607e-01 5.014401731854296607e-01 -5.014401731854296607e-01
8.499999999999998224e+00 5.008502435699173638e-01 5.008502435699173638e-01 -5.008502435699173638e-01
8.509999999999998010e+00 5.002617003929844541e-01 5.002617003929844541e-01 -5.002617003929844541e-01
8.519999999999997797e+00 4.996745387728048771e-01 4.996745387728048771e-01 -4.996745387728048771e-01
8.529999999999997584e+00 4.990887538504452658e-01 4.990887538504452658e-01 -4.990887538504452658e-01
8.539999999999997371e+00 4.985043407897304379e-01 4.985043407897304379e-01 -4.985043407897304379e-01
8.549999999999998934e+00 4.979212947771108344e-01 4.979212947771108344e-01 -4.979212947771108344e-01
8.559999999999998721e+00 4.973396110215300703e-01 4.973396110215300703e-01 -4.973396110215300703e-01
8.569999999999998508e+00 4.967592847542938728e-01 4.967592847542938728e-01 -4.967592847542938728e-01
8.579999999999998295e+00 4.961803112289391859e-01 4.961803112289391859e-01 -4.961803112289391859e-01
8.589999999999998082e+00 4.956026857211056624e-01 4.956026857211056624e-01 -4.956026857211056624e-01
8.599999999999997868e+00 4.950264035284067110e-01 4.950264035284067110e-01 -4.950264035284067110e-01
8.609999999999997655e+00 4.944514599703017099e-01 4.944514599703017099e-01 -4.944514599703017099e-01
8.619999999999997442e+00 4.938778503879696635e-01 4.938778503879696635e-01 -4.938778503879696635e-01
8.629999999999997229e+00 4.933055701441828034e-01 4.933055701441828034e-01 -4.933055701441828034e-01
8.639999999999997016e+00 4.927346146231826873e-01 4.927346146231826873e-01 -4.927346146231826873e-01
8.649999999999998579e+00 4.921649792305546889e-01 4.921649792305546889e-01 -4.921649792305546889e-01
8.659999999999998366e+00 4.915966593931060391e-01 4.915966593931060391e-01 -4.915966593931060391e-01
8.669999999999998153e+00 4.910296505587425364e-01 4.910296505587425364e-01 -4.910296505587425364e-01
8.679999999999997939e+00 4.904639481963476433e-01 4.904639481963476433e-01 -4.904639481963476433e-01
8.689999999999997726e+00 4.898995477956614719e-01 4.898995477956614719e-01 -4.898995477956614719e-01
8.699999999999997513e+00 4.893364448671606581e-01 4.893364448671606581e-01 -4.893364448671606581e-01
8.709999999999997300e+00 4.887746349419400671e-01 4.887746349419400671e-01 -4.887746349419400671e-01
8.719999999999997087e+00 4.882141135715938329e-01 4.882141135715938329e-01 -4.882141135715938329e-01
8.729999999999996874e+00 4.876548763280983412e-01 4.876548763280983412e-01 -4.876548763280983412e-01
8.739999999999996660e+00 4.870969188036954889e-01 4.870969188036954889e-01 -4.870969188036954889e-01
8.749999999999998224e+00 4.865402366107769438e-01 4.865402366107769438e-01 -4.865402366107769438e-01
8.759999999999998010e+00 4.859848253817691810e-01 4.859848253817691810e-01 -4.859848253817691810e-01
8.769999999999997797e+00 4.854306807690191850e-01 4.854306807690191850e-01 -4.854306807690191850e-01
8.779999999999997584e+00 4.848777984446808742e-01 4.848777984446808742e-01 -4.848777984446808742e-01
8.789999999999997371e+00 4.843261741006028021e-01 4.843261741006028021e-01 -4.843261741006028021e-01
8.799999999999998934e+00 4.837758034482156355e-01 4.837758034482156355e-01 -4.837758034482156355e-01
8.809999999999998721e+00 4.832266822184220212e-01 4.832266822184220212e-01 -4.832266822184220212e-01
8.819999999999998508e+00 4.826788061614850078e-01 4.826788061614850078e-01 -4.826788061614850078e-01
8.829999999999998295e+00 4.821321710469193000e-01 4.821321710469193000e-01 -4.821321710469193000e-01
8.839999999999998082e+00 4.815867726633821233e-01 4.815867726633821233e-01 -4.815867726633821233e-01
8.849999999999997868e+00 4.810426068185646997e-01 4.810426068185646997e-01 -4.810426068185646997e-01
8.859999999999997655e+00 4.804996693390855556e-01 4.804996693390855556e-01 -4.804996693390855556e-01
8.869999999999997442e+00 4.799579560703830516e-01 4.799579560703830516e-01 -4.799579560703830516e-01
8.879999999999997229e+00 4.794174628766101343e-01 4.794174628766101343e-01 -4.794174628766101343e-01
8.889999999999998792e+00 4.788781856405284754e-01 4.788781856405284754e-01 -4.788781856405284754e-01
8.899999999999998579e+00 4.783401202634042781e-01 4.783401202634042781e-01 -4.783401202634042781e-01
8.909999999999998366e+00 4.778032626649043602e-01 4.778032626649043602e-01 -4.778032626649043602e-01
8.919999999999998153e+00 4.772676087829930136e-01 4.772676087829930136e-01 -4.772676087829930136e-01
8.929999999999997939e+00 4.767331545738295318e-01 4.767331545738295318e-01 -4.767331545738295318e-01
8.939999999999997726e+00 4.761998960116664570e-01 4.761998960116664570e-01 -4.761998960116664570e-01
8.949999999999997513e+00 4.756678290887483840e-01 4.756678290887483840e-01 -4.756678290887483840e-01
8.959999999999997300e+00 4.751369498152118176e-01 4.751369498152118176e-01 -4.751369498152118176e-01
8.969999999999997087e+00 4.746072542189853083e-01 4.746072542189853083e-01 -4.746072542189853083e-01
8.979999999999996874e+00 4.740787383456901982e-01 4.740787383456901982e-01 -4.740787383456901982e-01
8.989999999999998437e+00 4.735513982585425885e-01 4.735513982585425885e-01 -4.735513982585425885e-01
8.999999999999998224e+00 4.730252300382553621e-01 4.730252300382553621e-01 -4.730252300382553621e-01
9.009999999999998010e+00 4.725002297829409281e-01 4.725002297829409281e-01 -4.725002297829409281e-01
9.019999999999997797e+00 4.719763936080152988e-01 4.719763936080152988e-01 -4.719763936080152988e-01
9.029999999999997584e+00 4.714537176461017220e-01 4.714537176461017220e-01 -4.714537176461017220e-01
9.039999999999997371e+00 4.709321980469356461e-01 4.709321980469356461e-01 -4.709321980469356461e-01
9.049999999999997158e+00 4.704118309772705175e-01 4.704118309772705175e-01 -4.704118309772705175e-01
9.059999999999996945e+00 4.698926126207834675e-01 4.698926126207834675e-01 -4.698926126207834675e-01
9.069999999999996732e+00 4.693745391779821641e-01 4.693745391779821641e-01 -4.693745391779821641e-01
9.079999999999996518e+00 4.688576068661121643e-01 4.688576068661121643e-01 -4.688576068661121643e-01
9.089999999999998082e+00 4.683418119190647100e-01 4.683418119190647100e-01 -4.683418119190647100e-01
9.099999999999997868e+00 4.678271505872855229e-01 4.678271505872855229e-01 -4.678271505872855229e-01
9.109999999999997655e+00 4.673136191376836557e-01 4.673136191376836557e-01 -4.673136191376836557e-01
9.119999999999997442e+00 4.668012138535413968e-01 4.668012138535413968e-01 -4.668012138535413968e-01
9.129999999999999005e+00 4.662899310344247317e-01 4.662899310344247317e-01 -4.662899310344247317e-01
9.139999999999998792e+00 4.657797669960938580e-01 4.657797669960938580e-01 -4.657797669960938580e-01
9.149999999999998579e+00 4.652707180704150347e-01 4.652707180704150347e-01 -4.652707180704150347e-01
9.159999999999998366e+00 4.647627806052727073e-01 4.647627806052727073e-01 -4.647627806052727073e-01
9.169999999999998153e+00 4.642559509644817450e-01 4.642559509644817450e-01 -4.642559509644817450e-01
9.179999999999997939e+00 4.637502255277012875e-01 4.637502255277012875e-01 -4.637502255277012875e-01
9.189999999999997726e+00 4.632456006903479806e-01 4.632456006903479806e-01 -4.632456006903479806e-01
9.199999999999997513e+00 4.627420728635106006e-01 4.627420728635106006e-01 -4.627420728635106006e-01
9.209999999999997300e+00 4.622396384738651220e-01 4.622396384738651220e-01 -4.622396384738651220e-01
9.219999999999997087e+00 4.617382939635897854e-01 4.617382939635897854e-01 -4.617382939635897854e-01
9.229999999999998650e+00 4.612380357902814976e-01 4.612380357902814976e-01 -4.612380357902814976e-01
9.239999999999998437e+00 4.607388604268720655e-01 4.607388604268720655e-01 -4.607388604268720655e-01
9.249999999999998224e+00 4.602407643615457067e-01 4.602407643615457067e-01 -4.602407643615457067e-01
9.259999999999998010e+00 4.597437440976563927e-01 4.597437440976563927e-01 -4.597437440976563927e-01
9.269999999999997797e+00 4.592477961536459707e-01 4.592477961536459707e-01 -4.592477961536459707e-01
9.279999999999997584e+00 4.587529170629631725e-01 4.587529170629631725e-01 -4.587529170629631725e-01
9.289999999999997371e+00 4.582591033739825681e-01 4.582591033739825681e-01 -4.582591033739825681e-01
9.299999999999997158e+00 4.577663516499245189e-01 4.577663516499245189e-01 -4.577663516499245189e-01
9.309999999999996945e+00 4.572746584687752969e-01 4.572746584687752969e-01 -4.572746584687752969e-01
9.319999999999998508e+00 4.567840204232079260e-01 4.567840204232079260e-01 -4.567840204232079260e-01
9.329999999999998295e+00 4.562944341205035781e-01 4.562944341205035781e-01 -4.562944341205035781e-01
9.339999999999998082e+00 4.558058961824729693e-01 4.558058961824729693e-01 -4.558058961824729693e-01
9.349999999999997868e+00 4.553184032453794772e-01 4.553184032453794772e-01 -4.553184032453794772e-01
9.359999999999997655e+00 4.548319519598608696e-01 4.548319519598608696e-01 -4.548319519598608696e-01
9.369999999999997442e+00 4.543465389908535879e-01 4.543465389908535879e-01 -4.543465389908535879e-01
9.379999999999999005e+00 4.538621610175157528e-01 4.538621610175157528e-01 -4.538621610175157528e-01
9.389999999999997016e+00 4.533788147331521134e-01 4.533788147331521134e-01 -4.533788147331521134e-01
9.399999999999998579e+00 4.528964968451380524e-01 4.528964968451380524e-01 -4.528964968451380524e-01
9.409999999999996589e+00 4.524152040748457004e-01 4.524152040748457004e-01 -4.524152040748457004e-01
9.419999999999998153e+00 4.519349331575687745e-01 4.519349331575687745e-01 -4.519349331575687745e-01
9.429999999999997939e+00 4.514556808424494694e-01 4.514556808424494694e-01 -4.514556808424494694e-01
9.439999999999997726e+00 4.509774438924044060e-01 4.509774438924044060e-01 -4.509774438924044060e-01
9.449999999999997513e+00 4.505002190840527443e-01 4.505002190840527443e-01 -4.505002190840527443e-01
9.459999999999997300e+00 4.500240032076424646e-01 4.500240032076424646e-01 -4.500240032076424646e-01
9.469999999999997087e+00 4.495487930669797572e-01 4.495487930669797572e-01 -4.495487930669797572e-01
9.479999999999998650e+00 4.490745854793563030e-01 4.490745854793563030e-01 -4.490745854793563030e-01
9.489999999999996660e+00 4.486013772754792739e-01 4.486013772754792739e-01 -4.486013772754792739e-01
9.499999999999998224e+00 4.481291652993997787e-01 4.481291652993997787e-01 -4.481291652993997787e-01
9.509999999999996234e+00 4.476579464084435300e-01 4.476579464084435300e-01 -4.476579464084435300e-01
9.519999999999997797e+00 4.471877174731405113e-01 4.471877174731405113e-01 -4.471877174731405113e-01
9.529999999999997584e+00 4.467184753771561989e-01 4.467184753771561989e-01 -4.467184753771561989e-01
9.539999999999997371e+00 4.462502170172219507e-01 4.462502170172219507e-01 -4.462502170172219507e-01
9.549999999999997158e+00 4.457829393030678933e-01 4.457829393030678933e-01 -4.457829393030678933e-01
9.559999999999996945e+00 4.453166391573533112e-01 4.453166391573533112e-01 -4.453166391573533112e-01
9.569999999999996732e+00 4.448513135156006437e-01 4.448513135156006437e-01 -4.448513135156006437e-01
9.579999999999998295e+00 4.443869593261271511e-01 4.443869593261271511e-01 -4.443869593261271511e-01
9.589999999999996305e+00 4.439235735499789670e-01 4.439235735499789670e-01 -4.439235735499789670e-01
9.599999999999997868e+00 4.434611531608643742e-01 4.434611531608643742e-01 -4.434611531608643742e-01
9.609999999999997655e+00 4.429996951450881904e-01 4.429996951450881904e-01 -4.429996951450881904e-01
9.619999999999997442e+00 4.425391965014862650e-01 4.425391965014862650e-01 -4.425391965014862650e-01
9.629999999999999005e+00 4.420796542413600871e-01 4.420796542413600871e-01 -4.420796542413600871e-01
9.639999999999997016e+00 4.416210653884126702e-01 4.416210653884126702e-01 -4.416210653884126702e-01
9.649999999999998579e+00 4.411634269786837148e-01 4.411634269786837148e-01 -4.411634269786837148e-01
9.659999999999996589e+00 4.407067360604863260e-01 4.407067360604863260e-01 -4.407067360604863260e-01
9.669999999999998153e+00 4.402509896943431200e-01 4.402509896943431200e-01 -4.402509896943431200e-01
9.679999999999997939e+00 4.397961849529233302e-01 4.397961849529233302e-01 -4.397961849529233302e-01
9.689999999999997726e+00 4.393423189209801349e-01 4.393423189209801349e-01 -4.393423189209801349e-01
9.699999999999997513e+00 4.388893886952884849e-01 4.388893886952884849e-01 -4.388893886952884849e-01
9.709999999999997300e+00 4.384373913845826531e-01 4.384373913845826531e-01 -4.384373913845826531e-01
9.719999999999997087e+00 4.379863241094957282e-01 4.379863241094957282e-01 -4.379863241094957282e-01
9.729999999999998650e+00 4.375361840024971638e-01 4.375361840024971638e-01 -4.375361840024971638e-01
9.739999999999996660e+00 4.370869682078334928e-01 4.370869682078334928e-01 -4.370869682078334928e-01
9.749999999999998224e+00 4.366386738814664326e-01 4.366386738814664326e-01 -4.366386738814664326e-01
9.759999999999996234e+00 4.361912981910141540e-01 4.361912981910141540e-01 -4.361912981910141540e-01
9.769999999999997797e+00 4.357448383156906635e-01 4.357448383156906635e-01 -4.357448383156906635e-01
9.779999999999997584e+00 4.352992914462472385e-01 4.352992914462472385e-01 -4.352992914462472385e-01
9.789999999999997371e+00 4.348546547849129196e-01 4.348546547849129196e-01 -4.348546547849129196e-01
9.799999999999997158e+00 4.344109255453365570e-01 4.344109255453365570e-01 -4.344109255453365570e-01
9.809999999999996945e+00 4.339681009525278021e-01 4.339681009525278021e-01 -4.339681009525278021e-01
9.819999999999996732e+00 4.335261782428002086e-01 4.335261782428002086e-01 -4.335261782428002086e-01
9.829999999999998295e+00 4.330851546637129457e-01 4.330851546637129457e-01 -4.330851546637129457e-01
9.839999999999996305e+00 4.326450274740140656e-01 4.326450274740140656e-01 -4.326450274740140656e-01
9.849999999999997868e+00 4.322057939435835494e-01 4.322057939435835494e-01 -4.322057939435835494e-01
9.859999999999995879e+00 4.317674513533770742e-01 4.317674513533770742e-01 -4.317674513533770742e-01
9.869999999999997442e+00 4.313299969953696134e-01 4.313299969953696134e-01 -4.313299969953696134e-01
9.879999999999997229e+00 4.308934281724998150e-01 4.308934281724998150e-01 -4.308934281724998150e-01
9.889999999999997016e+00 4.304577421986145458e-01 4.304577421986145458e-01 -4.304577421986145458e-01
9.899999999999996803e+00 4.300229363984139908e-01 4.300229363984139908e-01 -4.300229363984139908e-01
9.909999999999996589e+00 4.295890081073963640e-01 4.295890081073963640e-01 -4.295890081073963640e-01
9.919999999999998153e+00 4.291559546718042295e-01 4.291559546718042295e-01 -4.291559546718042295e-01
9.929999999999997939e+00 4.287237734485697671e-01 4.287237734485697671e-01 -4.287237734485697671e-01
9.939999999999997726e+00 4.282924618052613153e-01 4.282924618052613153e-01 -4.282924618052613153e-01
9.949999999999997513e+00 4.278620171200299693e-01 4.278620171200299693e-01 -4.278620171200299693e-01
9.959999999999999076e+00 4.274324367815559578e-01 4.274324367815559578e-01 -4.274324367815559578e-01
9.969999999999997087e+00 4.270037181889967948e-01 4.270037181889967948e-01 -4.270037181889967948e-01
9.979999999999998650e+00 4.265758587519336564e-01 4.265758587519336564e-01 -4.265758587519336564e-01
9.989999999999996660e+00 4.261488558903200885e-01 4.261488558903200885e-01 -4.261488558903200885e-01
9.999999999999998224e+00 4.257227070344297704e-01 4.257227070344297704e-01 -4.257227070344297704e-01
1.000999999999999623e+01 4.252974096248050007e-01 4.252974096248050007e-01 -4.252974096248050007e-01
1.001999999999999780e+01 4.248729611122053496e-01 4.248729611122053496e-01 -4.248729611122053496e-01
1.002999999999999758e+01 4.244493589575571435e-01 4.244493589575571435e-01 -4.244493589575571435e-01
1.003999999999999737e+01 4.240266006319021730e-01 4.240266006319021730e-01 -4.240266006319021730e-01
1.004999999999999716e+01 4.236046836163480656e-01 4.236046836163480656e-01 -4.236046836163480656e-01
1.005999999999999872e+01 4.231836054020176596e-01 4.231836054020176596e-01 -4.231836054020176596e-01
1.006999999999999673e+01 4.227633634899998216e-01 4.227633634899998216e-01 -4.227633634899998216e-01
1.007999999999999829e+01 4.223439553912993749e-01 4.223439553912993749e-01 -4.223439553912993749e-01
1.008999999999999631e+01 4.219253786267886941e-01 4.219253786267886941e-01 -4.219253786267886941e-01
1.009999999999999787e+01 4.215076307271581890e-01 4.215076307271581890e-01 -4.215076307271581890e-01
1.010999999999999766e+01 4.210907092328682877e-01 4.210907092328682877e-01 -4.210907092328682877e-01
1.011999999999999744e+01 4.206746116941005864e-01 4.206746116941005864e-01 -4.206746116941005864e-01
1.012999999999999723e+01 4.202593356707106098e-01 4.202593356707106098e-01 -4.202593356707106098e-01
1.013999999999999702e+01 4.198448787321792941e-01 4.198448787321792941e-01 -4.198448787321792941e-01
1.014999999999999680e+01 4.194312384575663022e-01 4.194312384575663022e-01 -4.194312384575663022e-01
1.015999999999999837e+01 4.190184124354623951e-01 4.190184124354623951e-01 -4.190184124354623951e-01
1.016999999999999638e+01 4.186063982639428027e-01 4.186063982639428027e-01 -4.186063982639428027e-01
1.017999999999999794e+01 4.181951935505204276e-01 4.181951935505204276e-01 -4.181951935505204276e-01
1.018999999999999595e+01 4.177847959120999377e-01 4.177847959120999377e-01 -4.177847959120999377e-01
1.019999999999999751e+01 4.173752029749311365e-01 4.173752029749311365e-01 -4.173752029749311365e-01
1.020999999999999730e+01 4.169664123745639994e-01 4.169664123745639994e-01 -4.169664123745639994e-01
1.021999999999999709e+01 4.165584217558021551e-01 4.165584217558021551e-01 -4.165584217558021551e-01
1.022999999999999687e+01 4.161512287726586989e-01 4.161512287726586989e-01 -4.161512287726586989e-01
1.023999999999999666e+01 4.157448310883103404e-01 4.157448310883103404e-01 -4.157448310883103404e-01
1.024999999999999822e+01 4.153392263750534386e-01 4.153392263750534386e-01 -4.153392263750534386e-01
1.025999999999999801e+01 4.149344123142590379e-01 4.149344123142590379e-01 -4.149344123142590379e-01
1.026999999999999780e+01 4.145303865963289036e-01 4.145303865963289036e-01 -4.145303865963289036e-01
1.027999999999999758e+01 4.141271469206515565e-01 4.141271469206515565e-01 -4.141271469206515565e-01
1.028999999999999737e+01 4.137246909955585861e-01 4.137246909955585861e-01 -4.137246909955585861e-01
1.029999999999999716e+01 4.133230165382813515e-01 4.133230165382813515e-01 -4.133230165382813515e-01
1.030999999999999872e+01 4.129221212749076275e-01 4.129221212749076275e-01 -4.129221212749076275e-01
1.031999999999999673e+01 4.125220029403389721e-01 4.125220029403389721e-01 -4.125220029403389721e-01
1.032999999999999829e+01 4.121226592782475939e-01 4.121226592782475939e-01 -4.121226592782475939e-01
1.033999999999999631e+01 4.117240880410346082e-01 4.117240880410346082e-01 -4.117240880410346082e-01
1.034999999999999787e+01 4.113262869897871821e-01 4.113262869897871821e-01 -4.113262869897871821e-01
1.035999999999999766e+01 4.109292538942372341e-01 4.109292538942372341e-01 -4.109292538942372341e-01
1.036999999999999744e+01 4.105329865327191907e-01 4.105329865327191907e-01 -4.105329865327191907e-01
1.037999999999999723e+01 4.101374826921289074e-01 4.101374826921289074e-01 -4.101374826921289074e-01
1.038999999999999702e+01 4.097427401678823689e-01 4.097427401678823689e-01 -4.097427401678823689e-01
1.039999999999999680e+01 4.093487567638747771e-01 4.093487567638747771e-01 -4.093487567638747771e-01
1.040999999999999837e+01 4.089555302924397506e-01 4.089555302924397506e-01 -4.089555302924397506e-01
1.041999999999999638e+01 4.085630585743088572e-01 4.085630585743088572e-01 -4.085630585743088572e-01
1.042999999999999794e+01 4.081713394385712013e-01 4.081713394385712013e-01 -4.081713394385712013e-01
1.043999999999999595e+01 4.077803707226339003e-01 4.077803707226339003e-01 -4.077803707226339003e-01
1.044999999999999751e+01 4.073901502721816170e-01 4.073901502721816170e-01 -4.073901502721816170e-01
1.045999999999999730e+01 4.070006759411375352e-01 4.070006759411375352e-01 -4.070006759411375352e-01
1.046999999999999709e+01 4.066119455916234471e-01 4.066119455916234471e-01 -4.066119455916234471e-01
1.047999999999999687e+01 4.062239570939215616e-01 4.062239570939215616e-01 -4.062239570939215616e-01
1.048999999999999666e+01 4.058367083264344810e-01 4.058367083264344810e-01 -4.058367083264344810e-01
1.049999999999999645e+01 4.054501971756474532e-01 4.054501971756474532e-01 -4.054501971756474532e-01
1.050999999999999801e+01 4.050644215360892364e-01 4.050644215360892364e-01 -4.050644215360892364e-01
1.051999999999999602e+01 4.046793793102945180e-01 4.046793793102945180e-01 -4.046793793102945180e-01
1.052999999999999758e+01 4.042950684087652791e-01 4.042950684087652791e-01 -4.042950684087652791e-01
1.053999999999999559e+01 4.039114867499334349e-01 4.039114867499334349e-01 -4.039114867499334349e-01
1.054999999999999716e+01 4.035286322601230324e-01 4.035286322601230324e-01 -4.035286322601230324e-01
1.055999999999999872e+01 4.031465028735130018e-01 4.031465028735130018e-01 -4.031465028735130018e-01
1.056999999999999673e+01 4.027650965321001308e-01 4.027650965321001308e-01 -4.027650965321001308e-01
1.057999999999999829e+01 4.023844111856613726e-01 4.023844111856613726e-01 -4.023844111856613726e-01
1.058999999999999631e+01 4.020044447917183739e-01 4.020044447917183739e-01 -4.020044447917183739e-01
1.059999999999999787e+01 4.016251953154997278e-01 4.016251953154997278e-01 -4.016251953154997278e-01
1.060999999999999766e+01 4.012466607299055577e-01 4.012466607299055577e-01 -4.012466607299055577e-01
1.061999999999999744e+01 4.008688390154706016e-01 4.008688390154706016e-01 -4.008688390154706016e-01
1.062999999999999723e+01 4.004917281603290746e-01 4.004917281603290746e-01 -4.004917281603290746e-01
1.063999999999999879e+01 4.001153261601783639e-01 4.001153261601783639e-01 -4.001153261601783639e-01
1.064999999999999680e+01 3.997396310182439461e-01 3.997396310182439461e-01 -3.997396310182439461e-01
1.065999999999999837e+01 3.993646407452436931e-01 3.993646407452436931e-01 -3.993646407452436931e-01
1.066999999999999638e+01 3.989903533593531781e-01 3.989903533593531781e-01 -3.989903533593531781e-01
1.067999999999999794e+01 3.986167668861702040e-01 3.986167668861702040e-01 -3.986167668861702040e-01
1.068999999999999595e+01 3.982438793586808301e-01 3.982438793586808301e-01 -3.982438793586808301e-01
1.069999999999999751e+01 3.978716888172241228e-01 3.978716888172241228e-01 -3.978716888172241228e-01
1.070999999999999730e+01 3.975001933094582940e-01 3.975001933094582940e-01 -3.975001933094582940e-01
1.071999999999999709e+01 3.971293908903262837e-01 3.971293908903262837e-01 -3.971293908903262837e-01
1.072999999999999687e+01 3.967592796220222318e-01 3.967592796220222318e-01 -3.967592796220222318e-01
1.073999999999999844e+01 3.963898575739569496e-01 3.963898575739569496e-01 -3.963898575739569496e-01
1.074999999999999645e+01 3.960211228227253910e-01 3.960211228227253910e-01 -3.960211228227253910e-01
1.075999999999999801e+01 3.956530734520722903e-01 3.956530734520722903e-01 -3.956530734520722903e-01
1.076999999999999602e+01 3.952857075528596331e-01 3.952857075528596331e-01 -3.952857075528596331e-01
1.077999999999999758e+01 3.949190232230331832e-01 3.949190232230331832e-01 -3.949190232230331832e-01
1.078999999999999559e+01 3.945530185675901746e-01 3.945530185675901746e-01 -3.945530185675901746e-01
1.079999999999999716e+01 3.941876916985461166e-01 3.941876916985461166e-01 -3.941876916985461166e-01
1.080999999999999694e+01 3.938230407349027073e-01 3.938230407349027073e-01 -3.938230407349027073e-01
1.081999999999999673e+01 3.934590638026153608e-01 3.934590638026153608e-01 -3.934590638026153608e-01
1.082999999999999652e+01 3.930957590345612873e-01 3.930957590345612873e-01 -3.930957590345612873e-01
1.083999999999999808e+01 3.927331245705071860e-01 3.927331245705071860e-01 -3.927331245705071860e-01
1.084999999999999609e+01 3.923711585570782145e-01 3.923711585570782145e-01 -3.923711585570782145e-01
1.085999999999999766e+01 3.920098591477254035e-01 3.920098591477254035e-01 -3.920098591477254035e-01
1.086999999999999567e+01 3.916492245026953478e-01 3.916492245026953478e-01 -3.916492245026953478e-01
1.087999999999999723e+01 3.912892527889979544e-01 3.912892527889979544e-01 -3.912892527889979544e-01
1.088999999999999879e+01 3.909299421803762997e-01 3.909299421803762997e-01 -3.909299421803762997e-01
1.089999999999999680e+01 3.905712908572750441e-01 3.905712908572750441e-01 -3.905712908572750441e-01
1.090999999999999837e+01 3.902132970068100670e-01 3.902132970068100670e-01 -3.902132970068100670e-01
1.091999999999999638e+01 3.898559588227379358e-01 3.898559588227379358e-01 -3.898559588227379358e-01
1.092999999999999794e+01 3.894992745054252081e-01 3.894992745054252081e-01 -3.894992745054252081e-01
1.093999999999999773e+01 3.891432422618188447e-01 3.891432422618188447e-01 -3.891432422618188447e-01
1.094999999999999751e+01 3.887878603054152893e-01 3.887878603054152893e-01 -3.887878603054152893e-01
1.095999999999999730e+01 3.884331268562316031e-01 3.884331268562316031e-01 -3.884331268562316031e-01
1.096999999999999709e+01 3.880790401407746004e-01 3.880790401407746004e-01 -3.880790401407746004e-01
1.097999999999999687e+01 3.877255983920125937e-01 3.877255983920125937e-01 -3.877255983920125937e-01
1.098999999999999844e+01 3.873727998493446401e-01 3.873727998493446401e-01 -3.873727998493446401e-01
1.099999999999999645e+01 3.870206427585725639e-01 3.870206427585725639e-01 -3.870206427585725639e-01
1.100999999999999801e+01 3.866691253718708143e-01 3.866691253718708143e-01 -3.866691253718708143e-01
1.101999999999999602e+01 3.863182459477584874e-01 3.863182459477584874e-01 -3.863182459477584874e-01
1.102999999999999758e+01 3.859680027510695721e-01 3.859680027510695721e-01 -3.859680027510695721e-01
1.103999999999999737e+01 3.856183940529255838e-01 3.856183940529255838e-01 -3.856183940529255838e-01
1.104999999999999716e+01 3.852694181307056986e-01 3.852694181307056986e-01 -3.852694181307056986e-01
1.105999999999999694e+01 3.849210732680197200e-01 3.849210732680197200e-01 -3.849210732680197200e-01
1.106999999999999673e+01 3.845733577546791571e-01 3.845733577546791571e-01 -3.845733577546791571e-01
1.107999999999999652e+01 3.842262698866695247e-01 3.842262698866695247e-01 -3.842262698866695247e-01
1.108999999999999808e+01 3.838798079661224216e-01 3.838798079661224216e-01 -3.838798079661224216e-01
1.109999999999999609e+01 3.835339703012881074e-01 3.835339703012881074e-01 -3.835339703012881074e-01
1.110999999999999766e+01 3.831887552065074698e-01 3.831887552065074698e-01 -3.831887552065074698e-01
1.111999999999999567e+01 3.828441610021851016e-01 3.828441610021851016e-01 -3.828441610021851016e-01
1.112999999999999723e+01 3.825001860147617117e-01 3.825001860147617117e-01 -3.825001860147617117e-01
1.113999999999999702e+01 3.821568285766874795e-01 3.821568285766874795e-01 -3.821568285766874795e-01
1.114999999999999680e+01 3.818140870263944664e-01 3.818140870263944664e-01 -3.818140870263944664e-01
1.115999999999999659e+01 3.814719597082704694e-01 3.814719597082704694e-01 -3.814719597082704694e-01
1.116999999999999638e+01 3.811304449726318766e-01 3.811304449726318766e-01 -3.811304449726318766e-01
1.117999999999999616e+01 3.807895411756975212e-01 3.807895411756975212e-01 -3.807895411756975212e-01
1.118999999999999773e+01 3.804492466795619254e-01 3.804492466795619254e-01 -3.804492466795619254e-01
1.119999999999999751e+01 3.801095598521694319e-01 3.801095598521694319e-01 -3.801095598521694319e-01
1.120999999999999730e+01 3.797704790672879471e-01 3.797704790672879471e-01 -3.797704790672879471e-01
1.121999999999999886e+01 3.794320027044828514e-01 3.794320027044828514e-01 -3.794320027044828514e-01
1.122999999999999687e+01 3.790941291490915188e-01 3.790941291490915188e-01 -3.790941291490915188e-01
1.123999999999999844e+01 3.787568567921973384e-01 3.787568567921973384e-01 -3.787568567921973384e-01
1.124999999999999645e+01 3.784201840306042897e-01 3.784201840306042897e-01 -3.784201840306042897e-01
1.125999999999999801e+01 3.780841092668115189e-01 3.780841092668115189e-01 -3.780841092668115189e-01
1.126999999999999602e+01 3.777486309089883032e-01 3.777486309089883032e-01 -3.777486309089883032e-01
1.127999999999999758e+01 3.774137473709483492e-01 3.774137473709483492e-01 -3.774137473709483492e-01
1.128999999999999737e+01 3.770794570721256456e-01 3.770794570721256456e-01 -3.770794570721256456e-01
1.129999999999999716e+01 3.767457584375484836e-01 3.767457584375484836e-01 -3.767457584375484836e-01
1.130999999999999694e+01 3.764126498978159763e-01 3.764126498978159763e-01 -3.764126498978159763e-01
1.131999999999999851e+01 3.760801298890722455e-01 3.760801298890722455e-01 -3.760801298890722455e-01
1.132999999999999652e+01 3.757481968529830518e-01 3.757481968529830518e-01 -3.757481968529830518e-01
1.133999999999999808e+01 3.754168492367105370e-01 3.754168492367105370e-01 -3.754168492367105370e-01
1.134999999999999609e+01 3.750860854928896870e-01 3.750860854928896870e-01 -3.750860854928896870e-01
1.135999999999999766e+01 3.747559040796036856e-01 3.747559040796036856e-01 -3.747559040796036856e-01
1.136999999999999567e+01 3.744263034603604878e-01 3.744263034603604878e-01 -3.744263034603604878e-01
1.137999999999999723e+01 3.740972821040683405e-01 3.740972821040683405e-01 -3.740972821040683405e-01
1.138999999999999702e+01 3.737688384850130219e-01 3.737688384850130219e-01 -3.737688384850130219e-01
1.139999999999999680e+01 3.734409710828331397e-01 3.734409710828331397e-01 -3.734409710828331397e-01
1.140999999999999659e+01 3.731136783824976488e-01 3.731136783824976488e-01 -3.731136783824976488e-01
1.141999999999999815e+01 3.727869588742818152e-01 3.727869588742818152e-01 -3.727869588742818152e-01
1.142999999999999616e+01 3.724608110537444006e-01 3.724608110537444006e-01 -3.724608110537444006e-01
1.143999999999999773e+01 3.721352334217044033e-01 3.721352334217044033e-01 -3.721352334217044033e-01
1.144999999999999574e+01 3.718102244842181880e-01 3.718102244842181880e-01 -3.718102244842181880e-01
1.145999999999999730e+01 3.714857827525565037e-01 3.714857827525565037e-01 -3.714857827525565037e-01
1.146999999999999531e+01 3.711619067431820573e-01 3.711619067431820573e-01 -3.711619067431820573e-01
1.147999999999999687e+01 3.708385949777263102e-01 3.708385949777263102e-01 -3.708385949777263102e-01
1.148999999999999666e+01 3.705158459829676620e-01 3.705158459829676620e-01 -3.705158459829676620e-01
1.149999999999999645e+01 3.701936582908085249e-01 3.701936582908085249e-01 -3.701936582908085249e-01
1.150999999999999623e+01 3.698720304382535629e-01 3.698720304382535629e-01 -3.698720304382535629e-01
1.151999999999999780e+01 3.695509609673869322e-01 3.695509609673869322e-01 -3.695509609673869322e-01
1.152999999999999758e+01 3.692304484253510766e-01 3.692304484253510766e-01 -3.692304484253510766e-01
1.153999999999999737e+01 3.689104913643239114e-01 3.689104913643239114e-01 -3.689104913643239114e-01
1.154999999999999716e+01 3.685910883414976191e-01 3.685910883414976191e-01 -3.685910883414976191e-01
1.155999999999999694e+01 3.682722379190568884e-01 3.682722379190568884e-01 -3.682722379190568884e-01
1.156999999999999851e+01 3.679539386641570986e-01 3.679539386641570986e-01 -3.679539386641570986e-01
1.157999999999999652e+01 3.676361891489031142e-01 3.676361891489031142e-01 -3.676361891489031142e-01
1.158999999999999808e+01 3.673189879503276356e-01 3.673189879503276356e-01 -3.673189879503276356e-01
1.159999999999999609e+01 3.670023336503705491e-01 3.670023336503705491e-01 -3.670023336503705491e-01
1.160999999999999766e+01 3.666862248358568332e-01 3.666862248358568332e-01 -3.666862248358568332e-01
1.161999999999999744e+01 3.663706600984765749e-01 3.663706600984765749e-01 -3.663706600984765749e-01
1.162999999999999723e+01 3.660556380347633199e-01 3.660556380347633199e-01 -3.660556380347633199e-01
1.163999999999999702e+01 3.657411572460737004e-01 3.657411572460737004e-01 -3.657411572460737004e-01
1.164999999999999680e+01 3.654272163385663408e-01 3.654272163385663408e-01 -3.654272163385663408e-01
1.165999999999999659e+01 3.651138139231816515e-01 3.651138139231816515e-01 -3.651138139231816515e-01
1.166999999999999815e+01 3.648009486156210679e-01 3.648009486156210679e-01 -3.648009486156210679e-01
1.167999999999999616e+01 3.644886190363268996e-01 3.644886190363268996e-01 -3.644886190363268996e-01
1.168999999999999773e+01 3.641768238104617361e-01 3.641768238104617361e-01 -3.641768238104617361e-01
1.169999999999999574e+01 3.638655615678887401e-01 3.638655615678887401e-01 -3.638655615678887401e-01
1.170999999999999730e+01 3.635548309431509417e-01 3.635548309431509417e-01 -3.635548309431509417e-01
1.171999999999999709e+01 3.632446305754520322e-01 3.632446305754520322e-01 -3.632446305754520322e-01
1.172999999999999687e+01 3.629349591086357685e-01 3.629349591086357685e-01 -3.629349591086357685e-01
1.173999999999999666e+01 3.626258151911668226e-01 3.626258151911668226e-01 -3.626258151911668226e-01
1.174999999999999645e+01 3.623171974761104641e-01 3.623171974761104641e-01 -3.623171974761104641e-01
1.175999999999999623e+01 3.620091046211137975e-01 3.620091046211137975e-01 -3.620091046211137975e-01
1.176999999999999780e+01 3.617015352883855561e-01 3.617015352883855561e-01 -3.617015352883855561e-01
1.177999999999999581e+01 3.613944881446772839e-01 3.613944881446772839e-01 -3.613944881446772839e-01
1.178999999999999737e+01 3.610879618612635733e-01 3.610879618612635733e-01 -3.610879618612635733e-01
1.179999999999999538e+01 3.607819551139235803e-01 3.607819551139235803e-01 -3.607819551139235803e-01
1.180999999999999694e+01 3.604764665829210957e-01 3.604764665829210957e-01 -3.604764665829210957e-01
1.181999999999999673e+01 3.601714949529863374e-01 3.601714949529863374e-01 -3.601714949529863374e-01
1.182999999999999652e+01 3.598670389132965219e-01 3.598670389132965219e-01 -3.598670389132965219e-01
1.183999999999999808e+01 3.595630971574576007e-01 3.595630971574576007e-01 -3.595630971574576007e-01
1.184999999999999609e+01 3.592596683834850535e-01 3.592596683834850535e-01 -3.592596683834850535e-01
1.185999999999999766e+01 3.589567512937856253e-01 3.589567512937856253e-01 -3.589567512937856253e-01
1.186999999999999744e+01 3.586543445951388409e-01 3.586543445951388409e-01 -3.586543445951388409e-01
1.187999999999999723e+01 3.583524469986782979e-01 3.583524469986782979e-01 -3.583524469986782979e-01
1.188999999999999702e+01 3.580510572198736807e-01 3.580510572198736807e-01 -3.580510572198736807e-01
1.189999999999999858e+01 3.577501739785124424e-01 3.577501739785124424e-01 -3.577501739785124424e-01
1.190999999999999659e+01 3.574497959986816520e-01 3.574497959986816520e-01 -3.574497959986816520e-01
1.191999999999999815e+01 3.571499220087497872e-01 3.571499220087497872e-01 -3.571499220087497872e-01
1.192999999999999616e+01 3.568505507413494149e-01 3.568505507413494149e-01 -3.568505507413494149e-01
1.193999999999999773e+01 3.565516809333582615e-01 3.565516809333582615e-01 -3.565516809333582615e-01
1.194999999999999574e+01 3.562533113258827266e-01 3.562533113258827266e-01 -3.562533113258827266e-01
1.195999999999999730e+01 3.559554406642389535e-01 3.559554406642389535e-01 -3.559554406642389535e-01
1.196999999999999709e+01 3.556580676979363420e-01 3.556580676979363420e-01 -3.556580676979363420e-01
1.197999999999999687e+01 3.553611911806592305e-01 3.553611911806592305e-01 -3.553611911806592305e-01
1.198999999999999666e+01 3.550648098702500755e-01 3.550648098702500755e-01 -3.550648098702500755e-01
1.199999999999999822e+01 3.547689225286915216e-01 3.547689225286915216e-01 -3.547689225286915216e-01
1.200999999999999623e+01 3.544735279220897484e-01 3.544735279220897484e-01 -3.544735279220897484e-01
1.201999999999999780e+01 3.541786248206570953e-01 3.541786248206570953e-01 -3.541786248206570953e-01
1.202999999999999581e+01 3.538842119986947976e-01 3.538842119986947976e-01 -3.538842119986947976e-01
1.203999999999999737e+01 3.535902882345762221e-01 3.535902882345762221e-01 -3.535902882345762221e-01
1.204999999999999538e+01 3.532968523107301029e-01 3.532968523107301029e-01 -3.532968523107301029e-01
1.205999999999999694e+01 3.530039030136233880e-01 3.530039030136233880e-01 -3.530039030136233880e-01
1.206999999999999673e+01 3.527114391337446420e-01 3.527114391337446420e-01 -3.527114391337446420e-01
1.207999999999999652e+01 3.524194594655876145e-01 3.524194594655876145e-01 -3.524194594655876145e-01
1.208999999999999631e+01 3.521279628076342538e-01 3.521279628076342538e-01 -3.521279628076342538e-01
1.209999999999999787e+01 3.518369479623386642e-01 3.518369479623386642e-01 -3.518369479623386642e-01
1.210999999999999588e+01 3.515464137361105079e-01 3.515464137361105079e-01 -3.515464137361105079e-01
1.211999999999999744e+01 3.512563589392984631e-01 3.512563589392984631e-01 -3.512563589392984631e-01
1.212999999999999545e+01 3.509667823861746250e-01 3.509667823861746250e-01 -3.509667823861746250e-01
1.213999999999999702e+01 3.506776828949174640e-01 3.506776828949174640e-01 -3.506776828949174640e-01
1.214999999999999503e+01 3.503890592875965604e-01 3.503890592875965604e-01 -3.503890592875965604e-01
1.215999999999999659e+01 3.501009103901560615e-01 3.501009103901560615e-01 -3.501009103901560615e-01
1.216999999999999815e+01 3.498132350323991391e-01 3.498132350323991391e-01 -3.498132350323991391e-01
1.217999999999999616e+01 3.495260320479719462e-01 3.495260320479719462e-01 -3.495260320479719462e-01
1.218999999999999773e+01 3.492393002743476305e-01 3.492393002743476305e-01 -3.492393002743476305e-01
1.219999999999999751e+01 3.489530385528113454e-01 3.489530385528113454e-01 -3.489530385528113454e-01
1.220999999999999730e+01 3.486672457284437088e-01 3.486672457284437088e-01 -3.486672457284437088e-01
1.221999999999999709e+01 3.483819206501062027e-01 3.483819206501062027e-01 -3.483819206501062027e-01
1.222999999999999687e+01 3.480970621704250201e-01 3.480970621704250201e-01 -3.480970621704250201e-01
1.223999999999999666e+01 3.478126691457760211e-01 3.478126691457760211e-01 -3.478126691457760211e-01
1.224999999999999822e+01 3.475287404362691901e-01 3.475287404362691901e-01 -3.475287404362691901e-01
1.225999999999999623e+01 3.472452749057339250e-01 3.472452749057339250e-01 -3.472452749057339250e-01
1.226999999999999780e+01 3.469622714217031612e-01 3.469622714217031612e-01 -3.469622714217031612e-01
1.227999999999999581e+01 3.466797288553988832e-01 3.466797288553988832e-01 -3.466797288553988832e-01
1.228999999999999737e+01 3.463976460817166925e-01 3.463976460817166925e-01 -3.463976460817166925e-01
1.229999999999999716e+01 3.461160219792112636e-01 3.461160219792112636e-01 -3.461160219792112636e-01
1.230999999999999694e+01 3.458348554300810229e-01 3.458348554300810229e-01 -3.458348554300810229e-01
1.231999999999999673e+01 3.455541453201541047e-01 3.455541453201541047e-01 -3.455541453201541047e-01
1.232999999999999652e+01 3.452738905388724744e-01 3.452738905388724744e-01 -3.452738905388724744e-01
1.233999999999999631e+01 3.449940899792786064e-01 3.449940899792786064e-01 -3.449940899792786064e-01
1.234999999999999787e+01 3.447147425379998298e-01 3.447147425379998298e-01 -3.447147425379998298e-01
1.235999999999999588e+01 3.444358471152345058e-01 3.444358471152345058e-01 -3.444358471152345058e-01
1.236999999999999744e+01 3.441574026147370957e-01 3.441574026147370957e-01 -3.441574026147370957e-01
1.237999999999999545e+01 3.438794079438043938e-01 3.438794079438043938e-01 -3.438794079438043938e-01
1.238999999999999702e+01 3.436018620132605395e-01 3.436018620132605395e-01 -3.436018620132605395e-01
1.239999999999999680e+01 3.433247637374434169e-01 3.433247637374434169e-01 -3.433247637374434169e-01
1.240999999999999659e+01 3.430481120341900003e-01 3.430481120341900003e-01 -3.430481120341900003e-01
1.241999999999999638e+01 3.427719058248226980e-01 3.427719058248226980e-01 -3.427719058248226980e-01
1.242999999999999616e+01 3.424961440341349750e-01 3.424961440341349750e-01 -3.424961440341349750e-01
1.243999999999999595e+01 3.422208255903776974e-01 3.422208255903776974e-01 -3.422208255903776974e-01
1.244999999999999751e+01 3.419459494252448106e-01 3.419459494252448106e-01 -3.419459494252448106e-01
1.245999999999999552e+01 3.416715144738602383e-01 3.416715144738602383e-01 -3.416715144738602383e-01
1.246999999999999709e+01 3.413975196747632834e-01 3.413975196747632834e-01 -3.413975196747632834e-01
1.247999999999999865e+01 3.411239639698956383e-01 3.411239639698956383e-01 -3.411239639698956383e-01
1.248999999999999666e+01 3.408508463045875070e-01 3.408508463045875070e-01 -3.408508463045875070e-01
1.249999999999999822e+01 3.405781656275437830e-01 3.405781656275437830e-01 -3.405781656275437830e-01
1.250999999999999623e+01 3.403059208908311706e-01 3.403059208908311706e-01 -3.403059208908311706e-01
1.251999999999999780e+01 3.400341110498640296e-01 3.400341110498640296e-01 -3.400341110498640296e-01
1.252999999999999581e+01 3.397627350633917187e-01 3.397627350633917187e-01 -3.397627350633917187e-01
1.253999999999999737e+01 3.394917918934846623e-01 3.394917918934846623e-01 -3.394917918934846623e-01
1.254999999999999716e+01 3.392212805055217495e-01 3.392212805055217495e-01 -3.392212805055217495e-01
1.255999999999999694e+01 3.389511998681765670e-01 3.389511998681765670e-01 -3.389511998681765670e-01
1.256999999999999673e+01 3.386815489534047985e-01 3.386815489534047985e-01 -3.386815489534047985e-01
1.257999999999999829e+01 3.384123267364306797e-01 3.384123267364306797e-01 -3.384123267364306797e-01
1.258999999999999631e+01 3.381435321957345641e-01 3.381435321957345641e-01 -3.381435321957345641e-01
1.259999999999999787e+01 3.378751643130395443e-01 3.378751643130395443e-01 -3.378751643130395443e-01
1.260999999999999588e+01 3.376072220732988516e-01 3.376072220732988516e-01 -3.376072220732988516e-01
1.261999999999999744e+01 3.373397044646828657e-01 3.373397044646828657e-01 -3.373397044646828657e-01
1.262999999999999545e+01 3.370726104785667365e-01 3.370726104785667365e-01 -3.370726104785667365e-01
1.263999999999999702e+01 3.368059391095172272e-01 3.368059391095172272e-01 -3.368059391095172272e-01
1.264999999999999680e+01 3.365396893552805024e-01 3.365396893552805024e-01 -3.365396893552805024e-01
1.265999999999999659e+01 3.362738602167691937e-01 3.362738602167691937e-01 -3.362738602167691937e-01
1.266999999999999638e+01 3.360084506980504093e-01 3.360084506980504093e-01 -3.360084506980504093e-01
1.267999999999999794e+01 3.357434598063326336e-01 3.357434598063326336e-01 -3.357434598063326336e-01
1.268999999999999595e+01 3.354788865519541807e-01 3.354788865519541807e-01 -3.354788865519541807e-01
1.269999999999999751e+01 3.352147299483699272e-01 3.352147299483699272e-01 -3.352147299483699272e-01
1.270999999999999552e+01 3.349509890121399325e-01 3.349509890121399325e-01 -3.349509890121399325e-01
1.271999999999999709e+01 3.346876627629165046e-01 3.346876627629165046e-01 -3.346876627629165046e-01
1.272999999999999510e+01 3.344247502234327096e-01 3.344247502234327096e-01 -3.344247502234327096e-01
1.273999999999999666e+01 3.341622504194896592e-01 3.341622504194896592e-01 -3.341622504194896592e-01
1.274999999999999645e+01 3.339001623799449647e-01 3.339001623799449647e-01 -3.339001623799449647e-01
1.275999999999999623e+01 3.336384851367004689e-01 3.336384851367004689e-01 -3.336384851367004689e-01
1.276999999999999602e+01 3.333772177246905333e-01 3.333772177246905333e-01 -3.333772177246905333e-01
1.277999999999999758e+01 3.331163591818699365e-01 3.331163591818699365e-01 -3.331163591818699365e-01
1.278999999999999559e+01 3.328559085492023839e-01 3.328559085492023839e-01 -3.328559085492023839e-01
1.279999999999999716e+01 3.325958648706482945e-01 3.325958648706482945e-01 -3.325958648706482945e-01
1.280999999999999694e+01 3.323362271931536438e-01 3.323362271931536438e-01 -3.323362271931536438e-01
1.281999999999999673e+01 3.320769945666379175e-01 3.320769945666379175e-01 -3.320769945666379175e-01
1.282999999999999829e+01 3.318181660439826763e-01 3.318181660439826763e-01 -3.318181660439826763e-01
1.283999999999999631e+01 3.315597406810200654e-01 3.315597406810200654e-01 -3.315597406810200654e-01
1.284999999999999787e+01 3.313017175365212119e-01 3.313017175365212119e-01 -3.313017175365212119e-01
1.285999999999999588e+01 3.310440956721849570e-01 3.310440956721849570e-01 -3.310440956721849570e-01
1.286999999999999744e+01 3.307868741526260870e-01 3.307868741526260870e-01 -3.307868741526260870e-01
1.287999999999999723e+01 3.305300520453647861e-01 3.305300520453647861e-01 -3.305300520453647861e-01
1.288999999999999702e+01 3.302736284208144246e-01 3.302736284208144246e-01 -3.302736284208144246e-01
1.289999999999999680e+01 3.300176023522711777e-01 3.300176023522711777e-01 -3.300176023522711777e-01
1.290999999999999659e+01 3.297619729159022017e-01 3.297619729159022017e-01 -3.297619729159022017e-01
1.291999999999999638e+01 3.295067391907351428e-01 3.295067391907351428e-01 -3.295067391907351428e-01
1.292999999999999794e+01 3.292519002586463683e-01 3.292519002586463683e-01 -3.292519002586463683e-01
1.293999999999999595e+01 3.289974552043506972e-01 3.289974552043506972e-01 -3.289974552043506972e-01
1.294999999999999751e+01 3.287434031153897984e-01 3.287434031153897984e-01 -3.287434031153897984e-01
1.295999999999999552e+01 3.284897430821217545e-01 3.284897430821217545e-01 -3.284897430821217545e-01
1.296999999999999709e+01 3.282364741977099043e-01 3.282364741977099043e-01 -3.282364741977099043e-01
1.297999999999999687e+01 3.279835955581123508e-01 3.279835955581123508e-01 -3.279835955581123508e-01
1.298999999999999666e+01 3.277311062620706372e-01 3.277311062620706372e-01 -3.277311062620706372e-01
1.299999999999999645e+01 3.274790054110998661e-01 3.274790054110998661e-01 -3.274790054110998661e-01
1.300999999999999623e+01 3.272272921094771525e-01 3.272272921094771525e-01 -3.272272921094771525e-01
1.301999999999999602e+01 3.269759654642317992e-01 3.269759654642317992e-01 -3.269759654642317992e-01
1.302999999999999758e+01 3.267250245851341384e-01 3.267250245851341384e-01 -3.267250245851341384e-01
1.303999999999999559e+01 3.264744685846854289e-01 3.264744685846854289e-01 -3.264744685846854289e-01
1.304999999999999716e+01 3.262242965781071424e-01 3.262242965781071424e-01 -3.262242965781071424e-01
1.305999999999999517e+01 3.259745076833306943e-01 3.259745076833306943e-01 -3.259745076833306943e-01
1.306999999999999673e+01 3.257251010209868403e-01 3.257251010209868403e-01 -3.257251010209868403e-01
1.307999999999999652e+01 3.254760757143958516e-01 3.254760757143958516e-01 -3.254760757143958516e-01
1.308999999999999631e+01 3.252274308895567456e-01 3.252274308895567456e-01 -3.252274308895567456e-01
1.309999999999999609e+01 3.249791656751372937e-01 3.249791656751372937e-01 -3.249791656751372937e-01
1.310999999999999588e+01 3.247312792024635852e-01 3.247312792024635852e-01 -3.247312792024635852e-01
1.311999999999999744e+01 3.244837706055105353e-01 3.244837706055105353e-01 -3.244837706055105353e-01
1.312999999999999723e+01 3.242366390208909488e-01 3.242366390208909488e-01 -3.242366390208909488e-01
1.313999999999999702e+01 3.239898835878460837e-01 3.239898835878460837e-01 -3.239898835878460837e-01
1.314999999999999680e+01 3.237435034482355478e-01 3.237435034482355478e-01 -3.237435034482355478e-01
1.315999999999999837e+01 3.234974977465271961e-01 3.234974977465271961e-01 -3.234974977465271961e-01
1.316999999999999638e+01 3.232518656297872495e-01 3.232518656297872495e-01 -3.232518656297872495e-01
1.317999999999999794e+01 3.230066062476705246e-01 3.230066062476705246e-01 -3.230066062476705246e-01
1.318999999999999595e+01 3.227617187524107756e-01 3.227617187524107756e-01 -3.227617187524107756e-01
1.319999999999999751e+01 3.225172022988104237e-01 3.225172022988104237e-01 -3.225172022988104237e-01
1.320999999999999552e+01 3.222730560442314540e-01 3.222730560442314540e-01 -3.222730560442314540e-01
1.321999999999999709e+01 3.220292791485853123e-01 3.220292791485853123e-01 -3.220292791485853123e-01
1.322999999999999687e+01 3.217858707743233571e-01 3.217858707743233571e-01 -3.217858707743233571e-01
1.323999999999999666e+01 3.215428300864273670e-01 3.215428300864273670e-01 -3.215428300864273670e-01
1.324999999999999645e+01 3.213001562523998267e-01 3.213001562523998267e-01 -3.213001562523998267e-01
1.325999999999999801e+01 3.210578484422547674e-01 3.210578484422547674e-01 -3.210578484422547674e-01
1.326999999999999602e+01 3.208159058285077747e-01 3.208159058285077747e-01 -3.208159058285077747e-01
1.327999999999999758e+01 3.205743275861669961e-01 3.205743275861669961e-01 -3.205743275861669961e-01
1.328999999999999559e+01 3.203331128927237037e-01 3.203331128927237037e-01 -3.203331128927237037e-01
1.329999999999999716e+01 3.200922609281426912e-01 3.200922609281426912e-01 -3.200922609281426912e-01
1.330999999999999517e+01 3.198517708748533361e-01 3.198517708748533361e-01 -3.198517708748533361e-01
1.331999999999999673e+01 3.196116419177400525e-01 3.196116419177400525e-01 -3.196116419177400525e-01
1.332999999999999652e+01 3.193718732441334085e-01 3.193718732441334085e-01 -3.193718732441334085e-01
1.333999999999999631e+01 3.191324640438004678e-01 3.191324640438004678e-01 -3.191324640438004678e-01
1.334999999999999609e+01 3.188934135089361854e-01 3.188934135089361854e-01 -3.188934135089361854e-01
1.335999999999999766e+01 3.186547208341540816e-01 3.186547208341540816e-01 -3.186547208341540816e-01
1.336999999999999567e+01 3.184163852164770825e-01 3.184163852164770825e-01 -3.184163852164770825e-01
1.337999999999999723e+01 3.181784058553286942e-01 3.181784058553286942e-01 -3.181784058553286942e-01
1.338999999999999524e+01 3.179407819525241763e-01 3.179407819525241763e-01 -3.179407819525241763e-01
1.339999999999999680e+01 3.177035127122610492e-01 3.177035127122610492e-01 -3.177035127122610492e-01
1.340999999999999481e+01 3.174665973411109898e-01 3.174665973411109898e-01 -3.174665973411109898e-01
1.341999999999999638e+01 3.172300350480102837e-01 3.172300350480102837e-01 -3.172300350480102837e-01
1.342999999999999616e+01 3.169938250442515537e-01 3.169938250442515537e-01 -3.169938250442515537e-01
1.343999999999999595e+01 3.167579665434745451e-01 3.167579665434745451e-01 -3.167579665434745451e-01
1.344999999999999751e+01 3.165224587616577989e-01 3.165224587616577989e-01 -3.165224587616577989e-01
1.345999999999999730e+01 3.162873009171098260e-01 3.162873009171098260e-01 -3.162873009171098260e-01
1.346999999999999709e+01 3.160524922304601136e-01 3.160524922304601136e-01 -3.160524922304601136e-01
1.347999999999999687e+01 3.158180319246511880e-01 3.158180319246511880e-01 -3.158180319246511880e-01
1.348999999999999666e+01 3.155839192249294545e-01 3.155839192249294545e-01 -3.155839192249294545e-01
1.349999999999999645e+01 3.153501533588369266e-01 3.153501533588369266e-01 -3.153501533588369266e-01
1.350999999999999801e+01 3.151167335562026217e-01 3.151167335562026217e-01 -3.151167335562026217e-01
1.351999999999999602e+01 3.148836590491344567e-01 3.148836590491344567e-01 -3.148836590491344567e-01
1.352999999999999758e+01 3.146509290720101437e-01 3.146509290720101437e-01 -3.146509290720101437e-01
1.353999999999999559e+01 3.144185428614695854e-01 3.144185428614695854e-01 -3.144185428614695854e-01
1.354999999999999716e+01 3.141864996564057710e-01 3.141864996564057710e-01 -3.141864996564057710e-01
1.355999999999999694e+01 3.139547986979570604e-01 3.139547986979570604e-01 -3.139547986979570604e-01
1.356999999999999673e+01 3.137234392294987462e-01 3.137234392294987462e-01 -3.137234392294987462e-01
1.357999999999999652e+01 3.134924204966346162e-01 3.134924204966346162e-01 -3.134924204966346162e-01
1.358999999999999631e+01 3.132617417471889598e-01 3.132617417471889598e-01 -3.132617417471889598e-01
1.359999999999999609e+01 3.130314022311984079e-01 3.130314022311984079e-01 -3.130314022311984079e-01
1.360999999999999766e+01 3.128014012009036060e-01 3.128014012009036060e-01 -3.128014012009036060e-01
1.361999999999999567e+01 3.125717379107413874e-01 3.125717379107413874e-01 -3.125717379107413874e-01
1.362999999999999723e+01 3.123424116173366127e-01 3.123424116173366127e-01 -3.123424116173366127e-01
1.363999999999999524e+01 3.121134215794940103e-01 3.121134215794940103e-01 -3.121134215794940103e-01
1.364999999999999680e+01 3.118847670581903486e-01 3.118847670581903486e-01 -3.118847670581903486e-01
1.365999999999999659e+01 3.116564473165664984e-01 3.116564473165664984e-01 -3.116564473165664984e-01
1.366999999999999638e+01 3.114284616199193834e-01 3.114284616199193834e-01 -3.114284616199193834e-01
1.367999999999999616e+01 3.112008092356943201e-01 3.112008092356943201e-01 -3.112008092356943201e-01
1.368999999999999595e+01 3.109734894334768018e-01 3.109734894334768018e-01 -3.109734894334768018e-01
1.369999999999999574e+01 3.107465014849852825e-01 3.107465014849852825e-01 -3.107465014849852825e-01
1.370999999999999730e+01 3.105198446640625720e-01 3.105198446640625720e-01 -3.105198446640625720e-01
1.371999999999999531e+01 3.102935182466689534e-01 3.102935182466689534e-01 -3.102935182466689534e-01
1.372999999999999687e+01 3.100675215108738558e-01 3.100675215108738558e-01 -3.100675215108738558e-01
1.373999999999999488e+01 3.098418537368485270e-01 3.098418537368485270e-01 -3.098418537368485270e-01
1.374999999999999645e+01 3.096165142068580400e-01 3.096165142068580400e-01 -3.096165142068580400e-01
1.375999999999999801e+01 3.093915022052541874e-01 3.093915022052541874e-01 -3.093915022052541874e-01
1.376999999999999602e+01 3.091668170184675435e-01 3.091668170184675435e-01 -3.091668170184675435e-01
1.377999999999999758e+01 3.089424579349998590e-01 3.089424579349998590e-01 -3.089424579349998590e-01
1.378999999999999559e+01 3.087184242454168448e-01 3.087184242454168448e-01 -3.087184242454168448e-01
1.379999999999999716e+01 3.084947152423404559e-01 3.084947152423404559e-01 -3.084947152423404559e-01
1.380999999999999694e+01 3.082713302204415640e-01 3.082713302204415640e-01 -3.082713302204415640e-01
1.381999999999999673e+01 3.080482684764325740e-01 3.080482684764325740e-01 -3.080482684764325740e-01
1.382999999999999652e+01 3.078255293090598754e-01 3.078255293090598754e-01 -3.078255293090598754e-01
1.383999999999999808e+01 3.076031120190966806e-01 3.076031120190966806e-01 -3.076031120190966806e-01
1.384999999999999609e+01 3.073810159093355865e-01 3.073810159093355865e-01 -3.073810159093355865e-01
1.385999999999999766e+01 3.071592402845813585e-01 3.071592402845813585e-01 -3.071592402845813585e-01
1.386999999999999567e+01 3.069377844516437137e-01 3.069377844516437137e-01 -3.069377844516437137e-01
1.387999999999999723e+01 3.067166477193298268e-01 3.067166477193298268e-01 -3.067166477193298268e-01
1.388999999999999524e+01 3.064958293984376136e-01 3.064958293984376136e-01 -3.064958293984376136e-01
1.389999999999999680e+01 3.062753288017480147e-01 3.062753288017480147e-01 -3.062753288017480147e-01
1.390999999999999659e+01 3.060551452440185560e-01 3.060551452440185560e-01 -3.060551452440185560e-01
1.391999999999999638e+01 3.058352780419754113e-01 3.058352780419754113e-01 -3.058352780419754113e-01
1.392999999999999616e+01 3.056157265143071289e-01 3.056157265143071289e-01 -3.056157265143071289e-01
1.393999999999999773e+01 3.053964899816569156e-01 3.053964899816569156e-01 -3.053964899816569156e-01
1.394999999999999574e+01 3.051775677666163089e-01 3.051775677666163089e-01 -3.051775677666163089e-01
1.395999999999999730e+01 3.049589591937176269e-01 3.049589591937176269e-01 -3.049589591937176269e-01
1.396999999999999531e+01 3.047406635894272520e-01 3.047406635894272520e-01 -3.047406635894272520e-01
1.397999999999999687e+01 3.045226802821386358e-01 3.045226802821386358e-01 -3.045226802821386358e-01
1.398999999999999488e+01 3.043050086021656941e-01 3.043050086021656941e-01 -3.043050086021656941e-01
1.399999999999999645e+01 3.040876478817355899e-01 3.040876478817355899e-01 -3.040876478817355899e-01
1.400999999999999623e+01 3.038705974549820166e-01 3.038705974549820166e-01 -3.038705974549820166e-01
1.401999999999999602e+01 3.036538566579385368e-01 3.036538566579385368e-01 -3.036538566579385368e-01
1.402999999999999581e+01 3.034374248285315878e-01 3.034374248285315878e-01 -3.034374248285315878e-01
1.403999999999999737e+01 3.032213013065739315e-01 3.032213013065739315e-01 -3.032213013065739315e-01
1.404999999999999538e+01 3.030054854337578818e-01 3.030054854337578818e-01 -3.030054854337578818e-01
1.405999999999999694e+01 3.027899765536485321e-01 3.027899765536485321e-01 -3.027899765536485321e-01
1.406999999999999496e+01 3.025747740116772611e-01 3.025747740116772611e-01 -3.025747740116772611e-01
1.407999999999999652e+01 3.023598771551347930e-01 3.023598771551347930e-01 -3.023598771551347930e-01
1.408999999999999808e+01 3.021452853331652033e-01 3.021452853331652033e-01 -3.021452853331652033e-01
1.409999999999999609e+01 3.019309978967587571e-01 3.019309978967587571e-01 -3.019309978967587571e-01
1.410999999999999766e+01 3.017170141987454146e-01 3.017170141987454146e-01 -3.017170141987454146e-01
1.411999999999999567e+01 3.015033335937888359e-01 3.015033335937888359e-01 -3.015033335937888359e-01
1.412999999999999723e+01 3.012899554383791645e-01 3.012899554383791645e-01 -3.012899554383791645e-01
1.413999999999999702e+01 3.010768790908272541e-01 3.010768790908272541e-01 -3.010768790908272541e-01
1.414999999999999680e+01 3.008641039112577853e-01 3.008641039112577853e-01 -3.008641039112577853e-01
1.415999999999999659e+01 3.006516292616029373e-01 3.006516292616029373e-01 -3.006516292616029373e-01
1.416999999999999638e+01 3.004394545055961707e-01 3.004394545055961707e-01 -3.004394545055961707e-01
1.417999999999999616e+01 3.002275790087657326e-01 3.002275790087657326e-01 -3.002275790087657326e-01
1.418999999999999773e+01 3.000160021384282727e-01 3.000160021384282727e-01 -3.000160021384282727e-01
1.419999999999999574e+01 2.998047232636829595e-01 2.998047232636829595e-01 -2.998047232636829595e-01
1.420999999999999730e+01 2.995937417554044857e-01 2.995937417554044857e-01 -2.995937417554044857e-01
1.421999999999999531e+01 2.993830569862375723e-01 2.993830569862375723e-01 -2.993830569862375723e-01
1.422999999999999687e+01 2.991726683305901413e-01 2.991726683305901413e-01 -2.991726683305901413e-01
1.423999999999999666e+01 2.989625751646276530e-01 2.989625751646276530e-01 -2.989625751646276530e-01
1.424999999999999645e+01 2.987527768662665006e-01 2.987527768662665006e-01 -2.987527768662665006e-01
1.425999999999999623e+01 2.985432728151681814e-01 2.985432728151681814e-01 -2.985432728151681814e-01
1.426999999999999602e+01 2.983340623927328572e-01 2.983340623927328572e-01 -2.983340623927328572e-01
1.427999999999999581e+01 2.981251449820936927e-01 2.981251449820936927e-01 -2.981251449820936927e-01
1.428999999999999737e+01 2.979165199681104159e-01 2.979165199681104159e-01 -2.979165199681104159e-01
1.429999999999999538e+01 2.977081867373635449e-01 2.977081867373635449e-01 -2.977081867373635449e-01
1.430999999999999694e+01 2.975001446781480041e-01 2.975001446781480041e-01 -2.975001446781480041e-01
1.431999999999999496e+01 2.972923931804677400e-01 2.972923931804677400e-01 -2.972923931804677400e-01
1.432999999999999652e+01 2.970849316360291703e-01 2.970849316360291703e-01 -2.970849316360291703e-01
1.433999999999999631e+01 2.968777594382355778e-01 2.968777594382355778e-01 -2.968777594382355778e-01
1.434999999999999609e+01 2.966708759821810593e-01 2.966708759821810593e-01 -2.966708759821810593e-01
1.435999999999999588e+01 2.964642806646447526e-01 2.964642806646447526e-01 -2.964642806646447526e-01
1.436999999999999567e+01 2.962579728840847304e-01 2.962579728840847304e-01 -2.962579728840847304e-01
1.437999999999999545e+01 2.960519520406327265e-01 2.960519520406327265e-01 -2.960519520406327265e-01
1.438999999999999702e+01 2.958462175360874191e-01 2.958462175360874191e-01 -2.958462175360874191e-01
1.439999999999999680e+01 2.956407687739096013e-01 2.956407687739096013e-01 -2.956407687739096013e-01
1.440999999999999659e+01 2.954356051592156307e-01 2.954356051592156307e-01 -2.954356051592156307e-01
1.441999999999999638e+01 2.952307260987723780e-01 2.952307260987723780e-01 -2.952307260987723780e-01
1.442999999999999616e+01 2.950261310009908433e-01 2.950261310009908433e-01 -2.950261310009908433e-01
1.443999999999999773e+01 2.948218192759208822e-01 2.948218192759208822e-01 -2.948218192759208822e-01
1.444999999999999574e+01 2.946177903352455441e-01 2.946177903352455441e-01 -2.946177903352455441e-01
1.445999999999999730e+01 2.944140435922750765e-01 2.944140435922750765e-01 -2.944140435922750765e-01
1.446999999999999531e+01 2.942105784619418185e-01 2.942105784619418185e-01 -2.942105784619418185e-01
1.447999999999999687e+01 2.940073943607940388e-01 2.940073943607940388e-01 -2.940073943607940388e-01
1.448999999999999666e+01 2.938044907069908840e-01 2.938044907069908840e-01 -2.938044907069908840e-01
1.449999999999999645e+01 2.936018669202964393e-01 2.936018669202964393e-01 -2.936018669202964393e-01
1.450999999999999623e+01 2.933995224220742881e-01 2.933995224220742881e-01 -2.933995224220742881e-01
1.451999999999999602e+01 2.931974566352821832e-01 2.931974566352821832e-01 -2.931974566352821832e-01
1.452999999999999581e+01 2.929956689844664397e-01 2.929956689844664397e-01 -2.929956689844664397e-01
1.453999999999999737e+01 2.927941588957563845e-01 2.927941588957563845e-01 -2.927941588957563845e-01
1.454999999999999538e+01 2.925929257968589714e-01 2.925929257968589714e-01 -2.925929257968589714e-01
1.455999999999999694e+01 2.923919691170533963e-01 2.923919691170533963e-01 -2.923919691170533963e-01
1.456999999999999496e+01 2.921912882871858241e-01 2.921912882871858241e-01 -2.921912882871858241e-01
1.457999999999999652e+01 2.919908827396637818e-01 2.919908827396637818e-01 -2.919908827396637818e-01
1.458999999999999631e+01 2.917907519084508849e-01 2.917907519084508849e-01 -2.917907519084508849e-01
1.459999999999999609e+01 2.915908952290615086e-01 2.915908952290615086e-01 -2.915908952290615086e-01
1.460999999999999588e+01 2.913913121385556804e-01 2.913913121385556804e-01 -2.913913121385556804e-01
1.461999999999999567e+01 2.911920020755333627e-01 2.911920020755333627e-01 -2.911920020755333627e-01
1.462999999999999545e+01 2.909929644801297344e-01 2.909929644801297344e-01 -2.909929644801297344e-01
1.463999999999999702e+01 2.907941987940094175e-01 2.907941987940094175e-01 -2.907941987940094175e-01
1.464999999999999503e+01 2.905957044603616479e-01 2.905957044603616479e-01 -2.905957044603616479e-01
1.465999999999999659e+01 2.903974809238948351e-01 2.903974809238948351e-01 -2.903974809238948351e-01
1.466999999999999460e+01 2.901995276308315108e-01 2.901995276308315108e-01 -2.901995276308315108e-01
1.467999999999999616e+01 2.900018440289031108e-01 2.900018440289031108e-01 -2.900018440289031108e-01
1.468999999999999595e+01 2.898044295673450343e-01 2.898044295673450343e-01 -2.898044295673450343e-01
1.469999999999999574e+01 2.896072836968910380e-01 2.896072836968910380e-01 -2.896072836968910380e-01
1.470999999999999552e+01 2.894104058697687942e-01 2.894104058697687942e-01 -2.894104058697687942e-01
1.471999999999999531e+01 2.892137955396941740e-01 2.892137955396941740e-01 -2.892137955396941740e-01
1.472999999999999687e+01 2.890174521618667502e-01 2.890174521618667502e-01 -2.890174521618667502e-01
1.473999999999999666e+01 2.888213751929646356e-01 2.888213751929646356e-01 -2.888213751929646356e-01
1.474999999999999645e+01 2.886255640911388198e-01 2.886255640911388198e-01 -2.886255640911388198e-01
1.475999999999999623e+01 2.884300183160093400e-01 2.884300183160093400e-01 -2.884300183160093400e-01
1.476999999999999780e+01 2.882347373286592851e-01 2.882347373286592851e-01 -2.882347373286592851e-01
1.477999999999999581e+01 2.880397205916304104e-01 2.880397205916304104e-01 -2.880397205916304104e-01
1.478999999999999737e+01 2.878449675689180309e-01 2.878449675689180309e-01 -2.878449675689180309e-01
1.479999999999999538e+01 2.876504777259660806e-01 2.876504777259660806e-01 -2.876504777259660806e-01
1.480999999999999694e+01 2.874562505296622272e-01 2.874562505296622272e-01 -2.874562505296622272e-01
1.481999999999999673e+01 2.872622854483332100e-01 2.872622854483332100e-01 -2.872622854483332100e-01
1.482999999999999652e+01 2.870685819517395654e-01 2.870685819517395654e-01 -2.870685819517395654e-01
1.483999999999999631e+01 2.868751395110712976e-01 2.868751395110712976e-01 -2.868751395110712976e-01
1.484999999999999609e+01 2.866819575989426050e-01 2.866819575989426050e-01 -2.866819575989426050e-01
1.485999999999999588e+01 2.864890356893874945e-01 2.864890356893874945e-01 -2.864890356893874945e-01
1.486999999999999744e+01 2.862963732578546194e-01 2.862963732578546194e-01 -2.862963732578546194e-01
1.487999999999999545e+01 2.861039697812028382e-01 2.861039697812028382e-01 -2.861039697812028382e-01
1.488999999999999702e+01 2.859118247376963295e-01 2.859118247376963295e-01 -2.859118247376963295e-01
1.489999999999999503e+01 2.857199376069998742e-01 2.857199376069998742e-01 -2.857199376069998742e-01
1.490999999999999659e+01 2.855283078701742472e-01 2.855283078701742472e-01 -2.855283078701742472e-01
1.491999999999999638e+01 2.853369350096714996e-01 2.853369350096714996e-01 -2.853369350096714996e-01
1.492999999999999616e+01 2.851458185093300735e-01 2.851458185093300735e-01 -2.851458185093300735e-01
1.493999999999999595e+01 2.849549578543706940e-01 2.849549578543706940e-01 -2.849549578543706940e-01
1.494999999999999574e+01 2.847643525313911517e-01 2.847643525313911517e-01 -2.847643525313911517e-01
1.495999999999999552e+01 2.845740020283621941e-01 2.845740020283621941e-01 -2.845740020283621941e-01
1.496999999999999709e+01 2.843839058346224191e-01 2.843839058346224191e-01 -2.843839058346224191e-01
1.497999999999999510e+01 2.841940634408743893e-01 2.841940634408743893e-01 -2.841940634408743893e-01
1.498999999999999666e+01 2.840044743391793025e-01 2.840044743391793025e-01 -2.840044743391793025e-01
1.499999999999999467e+01 2.838151380229532172e-01 2.838151380229532172e-01 -2.838151380229532172e-01
